/*
SQLyog Ultimate v12.09 (32 bit)
MySQL - 5.6.15 : Database - zfj
*********************************************************************
*/

/*!40101 SET NAMES utf8 */;

/*!40101 SET SQL_MODE=''*/;

/*!40014 SET @OLD_UNIQUE_CHECKS=@@UNIQUE_CHECKS, UNIQUE_CHECKS=0 */;
/*!40014 SET @OLD_FOREIGN_KEY_CHECKS=@@FOREIGN_KEY_CHECKS, FOREIGN_KEY_CHECKS=0 */;
/*!40101 SET @OLD_SQL_MODE=@@SQL_MODE, SQL_MODE='NO_AUTO_VALUE_ON_ZERO' */;
/*!40111 SET @OLD_SQL_NOTES=@@SQL_NOTES, SQL_NOTES=0 */;
CREATE DATABASE /*!32312 IF NOT EXISTS*/`zfj` /*!40100 DEFAULT CHARACTER SET utf8 */;

/*Table structure for table `groups` */

DROP TABLE IF EXISTS `groups`;

CREATE TABLE `groups` (
  `id` int(11) NOT NULL AUTO_INCREMENT,
  `name` varchar(100) NOT NULL,
  PRIMARY KEY (`id`)
) ENGINE=MyISAM AUTO_INCREMENT=5 DEFAULT CHARSET=utf8;

/*Data for the table `groups` */

insert  into `groups`(`id`,`name`) values (1,'小学男子'),(2,'小学女子'),(3,'中学男子'),(4,'中学女子');

/*Table structure for table `items` */

DROP TABLE IF EXISTS `items`;

CREATE TABLE `items` (
  `id` int(11) NOT NULL AUTO_INCREMENT,
  `name` varchar(100) NOT NULL,
  `type` varchar(50) NOT NULL,
  PRIMARY KEY (`id`)
) ENGINE=MyISAM AUTO_INCREMENT=7 DEFAULT CHARSET=utf8;

/*Data for the table `items` */

insert  into `items`(`id`,`name`,`type`) values (1,'悬浮纸飞机绕标挑战赛','个人项目'),(2,'纸折飞机奥运五环靶标赛','个人项目'),(3,'纸折飞机直线距离赛','个人项目'),(4,'风火轮单向积分赛','个人项目'),(5,'飞翼三角绕标赛','个人项目'),(6,'电动纸飞机留空计时赛','个人项目');

/*Table structure for table `students` */

DROP TABLE IF EXISTS `students`;

CREATE TABLE `students` (
  `id` int(11) NOT NULL AUTO_INCREMENT,
  `name` varchar(100) NOT NULL,
  `user_id` int(11) NOT NULL,
  `group_id` int(11) NOT NULL,
  `item_id` int(11) NOT NULL,
  `remark` text NOT NULL,
  `created_at` timestamp NOT NULL DEFAULT '0000-00-00 00:00:00',
  `updated_at` timestamp NOT NULL DEFAULT '0000-00-00 00:00:00',
  PRIMARY KEY (`id`),
  KEY `item_id` (`item_id`),
  KEY `group_id` (`group_id`),
  KEY `user_id` (`user_id`),
  KEY `created_at` (`created_at`),
  KEY `updated_at` (`updated_at`)
) ENGINE=MyISAM AUTO_INCREMENT=1231 DEFAULT CHARSET=utf8;

/*Data for the table `students` */

insert  into `students`(`id`,`name`,`user_id`,`group_id`,`item_id`,`remark`,`created_at`,`updated_at`) values (1,'张宇生',9,1,3,'','2015-09-11 14:02:17','2015-09-28 13:49:38'),(842,'田程乐',9,1,2,'','2015-09-29 11:31:22','2015-09-29 11:31:22'),(3,'宗方坤',9,1,3,'','2015-09-11 14:03:00','2015-09-29 11:29:24'),(4,'王哲宇',9,1,3,'','2015-09-11 14:03:12','2015-09-11 14:03:12'),(5,'刘继翔',9,1,3,'','2015-09-11 14:03:30','2015-09-11 14:03:30'),(6,'郭晓',9,1,3,'','2015-09-11 14:04:17','2015-09-28 13:50:07'),(833,'李昌昊',9,1,3,'','2015-09-28 13:51:13','2015-09-28 13:55:46'),(8,'徐向东',9,1,2,'','2015-09-11 14:06:11','2015-09-11 14:06:11'),(9,'高岩松',9,1,2,'','2015-09-11 14:06:31','2015-09-28 13:48:21'),(11,'齐开宇',9,1,3,'','2015-09-11 14:07:18','2015-09-11 14:07:18'),(1078,'钟昊澄',61,1,2,'主项','2015-10-08 09:08:23','2015-10-08 09:08:23'),(13,'徐向东',9,1,3,'','2015-09-11 14:09:01','2015-09-11 14:09:01'),(832,'李昌昊',9,1,2,'','2015-09-28 13:50:49','2015-09-28 13:55:16'),(15,'高岩松',9,1,3,'','2015-09-11 14:10:16','2015-09-28 13:48:51'),(1077,'詹丽珊',61,4,1,'兼项','2015-10-08 09:07:36','2015-10-08 09:07:36'),(18,'张宇生',9,1,2,'','2015-09-11 14:11:24','2015-09-28 13:49:21'),(843,'田程乐',9,1,3,'','2015-09-29 11:31:33','2015-09-29 11:31:33'),(20,'宗方坤',9,1,2,'','2015-09-11 14:12:22','2015-09-29 11:28:46'),(21,'王哲宇',9,1,2,'','2015-09-11 14:12:50','2015-09-11 14:12:50'),(22,'刘继翔',9,1,2,'','2015-09-11 14:13:13','2015-09-11 14:13:13'),(23,'郭晓',9,1,2,'','2015-09-11 14:13:34','2015-09-28 13:49:55'),(24,'齐开宇',9,1,2,'','2015-09-11 14:14:02','2015-09-11 14:14:02'),(25,'左婉婷',9,2,2,'','2015-09-11 14:14:54','2015-09-11 14:14:54'),(26,'左婉婷',9,2,3,'','2015-09-11 14:15:02','2015-09-11 14:15:02'),(27,'许业欣',9,2,2,'','2015-09-11 14:15:16','2015-09-11 14:15:16'),(28,'许业欣',9,2,3,'','2015-09-11 14:15:22','2015-09-11 14:15:22'),(36,'张梓杰',7,1,1,'','2015-09-20 23:02:58','2015-10-08 08:29:44'),(39,'林加耀',19,1,1,'','2015-09-21 22:01:24','2015-09-21 22:01:24'),(38,'朱奕帆',7,1,1,'','2015-09-20 23:05:06','2015-10-08 08:29:24'),(1032,'赵奕萱',46,2,6,'','2015-10-08 08:43:18','2015-10-08 08:43:18'),(40,'俞程合',19,1,1,'','2015-09-21 22:01:48','2015-09-21 22:01:48'),(937,'曹良',39,3,3,'','2015-10-07 18:16:28','2015-10-07 18:16:28'),(931,'安然',39,3,3,'','2015-10-07 18:15:01','2015-10-07 18:15:01'),(928,'杨思远',39,4,3,'','2015-10-07 18:14:03','2015-10-07 18:14:03'),(44,'俞程合',19,1,2,'','2015-09-21 22:03:17','2015-09-21 22:03:17'),(45,'俞程合',19,1,3,'','2015-09-21 22:03:24','2015-09-21 22:03:24'),(46,'黄靖雯',19,2,2,'','2015-09-21 22:03:33','2015-09-21 22:03:33'),(47,'黄靖雯',19,2,3,'','2015-09-21 22:03:42','2015-09-21 22:03:42'),(48,'张杭斌',23,3,2,'','2015-09-22 07:49:11','2015-09-22 07:49:11'),(49,'张杭斌',23,3,3,'','2015-09-22 07:49:33','2015-09-22 07:49:33'),(50,'金韬睿',23,3,2,'','2015-09-22 07:49:54','2015-09-22 07:49:54'),(51,'金韬睿',23,3,3,'','2015-09-22 07:50:05','2015-09-22 07:50:05'),(52,'何宗恒',15,1,3,'','2015-09-22 16:11:11','2015-09-22 16:11:11'),(53,'朱辰乐',15,1,3,'','2015-09-22 16:11:51','2015-09-22 16:11:51'),(54,'姚童珅',15,1,3,'','2015-09-22 16:12:15','2015-09-22 16:12:15'),(55,'莫曹泽',15,1,3,'','2015-09-22 16:17:02','2015-09-22 16:17:02'),(56,'唐金',15,1,3,'','2015-09-22 16:17:16','2015-09-22 16:17:16'),(1181,'赵浦东',40,1,2,'','2015-10-08 11:29:22','2015-10-08 11:29:22'),(1180,'赵浦东',40,1,4,'','2015-10-08 11:29:06','2015-10-08 11:29:06'),(59,'曹骏杰',15,1,3,'','2015-09-22 16:17:53','2015-09-22 16:17:53'),(60,'龙佳熠',15,1,3,'','2015-09-22 16:18:05','2015-09-22 16:18:05'),(61,'范加琦',15,1,3,'','2015-09-22 16:18:17','2015-09-22 16:18:17'),(62,'骆嘉杰',15,1,3,'','2015-09-22 16:18:29','2015-09-22 16:18:29'),(63,'沈路逸',15,1,3,'','2015-09-22 16:18:41','2015-09-22 16:18:41'),(1176,'赵浡宇',60,1,3,'','2015-10-08 10:48:50','2015-10-08 10:48:50'),(65,'姚康',15,1,3,'','2015-09-22 16:19:01','2015-09-22 16:19:01'),(66,'姚侃杰',15,1,3,'','2015-09-22 16:19:22','2015-09-22 16:19:22'),(67,'江生亮',15,1,3,'','2015-09-22 16:19:35','2015-09-22 16:19:35'),(68,'张敏杰',15,1,3,'','2015-09-22 16:20:01','2015-09-22 16:20:01'),(1175,'赵浡宇',60,1,2,'','2015-10-08 10:48:36','2015-10-08 10:48:36'),(1173,'岳恒志',59,3,3,'','2015-10-08 10:47:19','2015-10-08 10:47:19'),(71,'张颖轩',15,2,3,'','2015-09-22 16:20:34','2015-09-22 16:20:34'),(72,'马宇轩',15,2,3,'','2015-09-22 16:20:45','2015-09-22 16:20:45'),(73,'张艳怡',15,2,3,'','2015-09-22 16:21:05','2015-09-22 16:21:05'),(1169,'黄冠霖',15,1,2,'','2015-10-08 10:32:54','2015-10-08 10:32:54'),(1168,'李献炎',15,1,2,'','2015-10-08 10:32:38','2015-10-08 10:32:38'),(76,'张丹凤',15,2,3,'','2015-09-22 16:21:39','2015-09-22 16:21:39'),(77,'何宗恒',15,1,2,'','2015-09-22 16:23:12','2015-09-22 16:23:12'),(78,'朱辰乐',15,1,2,'','2015-09-22 16:23:23','2015-09-22 16:23:23'),(79,'姚童珅',15,1,2,'','2015-09-22 16:23:34','2015-09-22 16:23:34'),(80,'莫曹泽',15,1,2,'','2015-09-22 16:23:44','2015-09-22 16:23:44'),(81,'唐金',15,1,2,'','2015-09-22 16:23:54','2015-09-22 16:23:54'),(1185,'吴诗琪',40,2,2,'','2015-10-08 11:30:22','2015-10-08 11:30:22'),(1184,'吴诗琪',40,2,4,'','2015-10-08 11:30:14','2015-10-08 11:30:14'),(84,'曹骏杰',15,1,2,'','2015-09-22 16:24:26','2015-09-22 16:24:26'),(85,'龙佳熠',15,1,2,'','2015-09-22 16:24:37','2015-09-22 16:24:37'),(86,'范加琦',15,1,2,'','2015-09-22 16:24:48','2015-09-22 16:24:48'),(87,'骆嘉杰',15,1,2,'','2015-09-22 16:24:58','2015-09-22 16:24:58'),(88,'沈路逸',15,1,2,'','2015-09-22 16:25:08','2015-09-22 16:25:08'),(1183,'李雪',40,2,2,'','2015-10-08 11:29:52','2015-10-08 11:29:52'),(90,'姚康',15,1,2,'','2015-09-22 16:25:28','2015-09-22 16:25:28'),(91,'姚侃杰',15,1,2,'','2015-09-22 16:25:36','2015-09-22 16:25:36'),(92,'江生亮',15,1,2,'','2015-09-22 16:25:45','2015-09-22 16:25:45'),(93,'张敏杰',15,1,2,'','2015-09-22 16:25:55','2015-09-22 16:25:55'),(1182,'李雪',40,2,4,'','2015-10-08 11:29:45','2015-10-08 11:29:45'),(96,'张颖轩',15,2,2,'','2015-09-22 16:26:33','2015-09-22 16:26:33'),(97,'马宇轩',15,2,2,'','2015-09-22 16:26:45','2015-09-22 16:26:45'),(98,'张丹凤',15,2,2,'','2015-09-22 16:26:56','2015-09-22 16:26:56'),(99,'张艳怡',15,2,2,'','2015-09-22 16:27:07','2015-09-22 16:27:07'),(1167,'黄冠霖',15,1,3,'','2015-10-08 10:29:01','2015-10-08 10:29:01'),(1166,'李献炎',15,1,3,'','2015-10-08 10:28:44','2015-10-08 10:28:44'),(935,'曹良',39,3,1,'','2015-10-07 18:16:06','2015-10-07 18:16:06'),(103,'黄子涵',19,1,2,'','2015-09-22 19:27:15','2015-09-27 11:03:16'),(923,'林博祺',59,3,2,'','2015-10-06 21:41:51','2015-10-08 10:45:49'),(934,'王鑫元',39,3,3,'','2015-10-07 18:15:42','2015-10-07 18:15:42'),(929,'安然',39,3,1,'','2015-10-07 18:14:19','2015-10-07 18:14:19'),(926,'杨思远',39,4,1,'','2015-10-07 18:13:34','2015-10-07 18:13:34'),(1172,'杨通达',59,3,3,'','2015-10-08 10:47:03','2015-10-08 10:47:03'),(110,'吴亦泓',19,1,3,'','2015-09-22 19:28:55','2015-09-27 11:05:56'),(936,'曹良',39,3,2,'','2015-10-07 18:16:16','2015-10-07 18:16:16'),(112,'吴亦泓',19,1,2,'','2015-09-22 19:31:25','2015-09-27 11:01:34'),(113,'黄子涵',19,1,3,'','2015-09-22 19:31:35','2015-09-27 11:04:18'),(930,'安然',39,3,2,'','2015-10-07 18:14:31','2015-10-07 18:14:31'),(927,'杨思远',39,4,2,'','2015-10-07 18:13:48','2015-10-07 18:13:48'),(118,'殷霄鹏',19,1,2,'','2015-09-22 19:33:29','2015-09-27 11:01:59'),(119,'李俊祺',19,1,3,'','2015-09-22 19:33:38','2015-09-27 11:04:46'),(933,'王鑫元',39,3,2,'','2015-10-07 18:15:31','2015-10-07 18:15:31'),(121,'李俊祺',19,1,2,'','2015-09-22 19:34:14','2015-09-27 11:02:14'),(122,'殷霄鹏',19,1,3,'','2015-09-22 19:34:20','2015-09-27 11:05:04'),(123,'张芮铭',26,3,1,'','2015-09-23 15:58:10','2015-09-23 15:58:10'),(124,'郄金质',26,3,2,'','2015-09-23 15:59:35','2015-09-23 16:07:00'),(125,'孙彤',26,3,2,'','2015-09-23 16:00:51','2015-09-23 16:07:36'),(126,'郭子豪',26,3,2,'','2015-09-23 16:01:18','2015-09-23 16:07:56'),(127,'李冬梅',26,4,2,'','2015-09-23 16:01:54','2015-09-29 08:21:44'),(128,'张芮铭',26,3,2,'','2015-09-23 16:03:16','2015-09-23 16:03:16'),(129,'郄金质',26,3,1,'','2015-09-23 16:03:28','2015-09-23 16:03:28'),(130,'孙彤',26,3,1,'','2015-09-23 16:03:38','2015-09-23 16:03:38'),(131,'郭子豪',26,3,1,'','2015-09-23 16:03:49','2015-09-23 16:03:49'),(132,'李冬梅',26,4,1,'','2015-09-23 16:04:15','2015-09-29 08:21:11'),(133,'张芮铭',26,3,3,'','2015-09-23 16:04:33','2015-09-23 16:04:33'),(134,'郄金质',26,3,3,'','2015-09-23 16:04:45','2015-09-23 16:07:16'),(135,'孙彤',26,3,3,'','2015-09-23 16:05:00','2015-09-23 16:05:00'),(136,'郭子豪',26,3,3,'','2015-09-23 16:05:18','2015-09-23 16:05:18'),(137,'李冬梅',26,4,3,'','2015-09-23 16:05:33','2015-09-29 08:22:19'),(150,'徐富强',28,1,2,'','2015-09-24 11:45:07','2015-09-24 11:45:07'),(149,'伍小威',28,1,2,'','2015-09-24 11:44:57','2015-09-24 11:44:57'),(148,'王登超',28,1,2,'','2015-09-24 11:44:42','2015-09-24 11:44:42'),(147,'徐富强',28,1,1,'','2015-09-24 11:42:04','2015-09-24 11:42:04'),(146,'伍小威',28,1,1,'','2015-09-24 11:41:50','2015-09-24 11:41:50'),(145,'王登超',28,1,1,'','2015-09-24 11:41:39','2015-09-24 11:41:39'),(151,'徐富强',28,1,3,'','2015-09-24 11:46:05','2015-09-24 11:46:05'),(152,'倪凯波',28,1,3,'','2015-09-24 11:47:09','2015-09-24 11:47:09'),(153,'伍凯凯',28,1,3,'','2015-09-24 11:47:37','2015-09-24 11:47:37'),(154,'伍凯凯',28,1,4,'','2015-09-24 11:50:14','2015-09-24 11:50:14'),(155,'倪凯波',28,1,4,'','2015-09-24 11:50:27','2015-09-24 11:50:27'),(156,'何梦灵',28,2,3,'','2015-09-24 11:51:40','2015-09-24 11:51:40'),(157,'李琪',28,2,3,'','2015-09-24 11:51:58','2015-09-24 11:51:58'),(158,'项佳依',28,2,3,'','2015-09-24 11:52:28','2015-09-24 11:52:28'),(159,'何梦灵',28,2,2,'','2015-09-24 11:52:55','2015-09-24 11:52:55'),(160,'李琪',28,2,2,'','2015-09-24 11:53:07','2015-09-24 11:53:07'),(161,'项佳依',28,2,2,'','2015-09-24 11:53:20','2015-09-24 11:53:20'),(162,'李佳怡',28,2,1,'','2015-09-24 11:58:40','2015-09-24 11:58:40'),(163,'何梦灵',28,2,1,'','2015-09-24 11:58:54','2015-09-24 11:58:54'),(164,'项佳依',28,2,1,'','2015-09-24 11:59:04','2015-09-24 11:59:04'),(165,'李瑞',28,1,4,'','2015-09-24 12:02:03','2015-09-24 12:02:03'),(166,'李琪',28,2,4,'','2015-09-24 12:03:12','2015-09-24 12:03:12'),(167,'蒋慧琳',28,2,4,'','2015-09-24 12:04:07','2015-09-24 12:04:07'),(168,'蒋慧琳',28,2,6,'','2015-09-24 12:09:50','2015-09-24 12:09:50'),(169,'李佳怡',28,2,6,'','2015-09-24 12:10:18','2015-09-24 12:10:18'),(170,'李瑞',28,1,6,'','2015-09-24 12:11:41','2015-09-24 12:11:41'),(171,'王登超',28,1,6,'','2015-09-24 12:12:21','2015-09-24 12:12:21'),(172,'伍小威',28,1,6,'','2015-09-24 12:12:43','2015-09-24 12:12:43'),(173,'颜芸怡',28,2,6,'','2015-09-24 12:12:46','2015-09-24 20:19:26'),(174,'颜芸怡',28,2,3,'','2015-09-24 12:35:45','2015-09-24 12:35:45'),(175,'颜芸怡',28,2,4,'','2015-09-24 12:36:03','2015-09-24 12:36:03'),(176,'颜芸怡',28,2,2,'','2015-09-24 12:36:24','2015-09-24 12:36:24'),(177,'陈展',32,3,2,'','2015-09-24 13:52:32','2015-09-24 13:52:32'),(178,'陈展',32,3,3,'','2015-09-24 13:52:49','2015-09-24 13:52:49'),(179,'项烁',32,4,2,'','2015-09-24 17:22:41','2015-09-24 17:22:41'),(180,'项烁',32,4,3,'','2015-09-24 17:22:51','2015-09-24 17:22:51'),(181,'叶亮亮',32,3,3,'','2015-09-24 17:23:09','2015-09-24 17:23:09'),(182,'叶亮亮',32,3,2,'','2015-09-24 17:23:20','2015-09-24 19:07:06'),(183,'徐晨仪',32,4,2,'','2015-09-24 17:34:18','2015-09-24 17:34:18'),(184,'王安然',32,4,2,'','2015-09-24 17:34:42','2015-09-24 17:34:42'),(185,'黄异同',32,3,3,'','2015-09-24 17:36:24','2015-09-24 17:36:24'),(186,'郭耀钦',14,1,1,'','2015-09-24 17:51:50','2015-09-24 17:51:50'),(187,'郭耀钦',14,1,5,'','2015-09-24 17:52:10','2015-09-24 17:52:10'),(188,'罗纤俨',14,2,1,'','2015-09-24 17:52:39','2015-09-24 17:52:39'),(189,'罗纤俨',14,2,5,'','2015-09-24 17:52:54','2015-09-24 17:52:54'),(190,'吴冬祥',14,1,2,'','2015-09-24 17:53:36','2015-09-24 17:53:36'),(191,'吴冬祥',14,1,3,'','2015-09-24 17:54:17','2015-09-24 17:54:17'),(192,'陈俊颖',14,2,2,'','2015-09-24 17:54:53','2015-09-24 17:54:53'),(193,'陈俊颖',14,2,3,'','2015-09-24 17:55:11','2015-09-24 17:55:11'),(194,'黄异同',32,3,2,'','2015-09-24 19:07:46','2015-09-24 19:07:46'),(195,'胡奇乐',32,3,2,'','2015-09-24 19:08:10','2015-09-24 19:08:10'),(196,'卢铖曦',32,3,2,'','2015-09-24 19:09:01','2015-09-24 19:09:01'),(197,'陆俊璟',32,3,2,'','2015-09-24 19:14:34','2015-09-24 19:14:34'),(198,'陆俊璟',32,3,3,'','2015-09-24 19:14:45','2015-09-24 19:14:45'),(199,'梅岩焘',32,3,2,'','2015-09-24 19:17:38','2015-09-24 19:17:38'),(200,'梅岩焘',32,3,3,'','2015-09-24 19:17:49','2015-09-24 19:17:49'),(201,'陆奕斐',32,3,2,'','2015-09-24 19:18:12','2015-09-24 19:18:12'),(202,'陆俊璟',32,3,3,'','2015-09-24 19:18:21','2015-09-24 19:18:21'),(203,'葛铮楷',32,3,2,'','2015-09-24 19:25:13','2015-09-24 19:25:13'),(204,'葛铮楷',32,3,3,'','2015-09-24 19:25:23','2015-09-24 19:25:23'),(205,'王天逸',32,3,2,'','2015-09-24 19:25:58','2015-09-24 19:25:58'),(206,'王天逸',32,3,3,'','2015-09-24 19:26:11','2015-09-24 19:26:24'),(207,'陈宇翔',32,3,2,'','2015-09-24 19:27:07','2015-09-24 19:27:07'),(208,'陈宇翔',32,3,3,'','2015-09-24 19:27:16','2015-09-24 19:27:16'),(209,'郑雅楠',32,4,2,'','2015-09-24 19:27:53','2015-09-24 19:27:53'),(210,'郑雅楠',32,4,3,'','2015-09-24 19:28:04','2015-09-24 19:28:04'),(211,'张佳懿',32,4,2,'','2015-09-24 19:28:44','2015-09-24 19:28:44'),(212,'张佳懿',32,4,3,'','2015-09-24 19:28:53','2015-09-24 19:28:53'),(213,'许昕钰',32,4,2,'','2015-09-24 19:30:37','2015-09-24 19:30:37'),(214,'许昕钰',32,4,3,'','2015-09-24 19:30:46','2015-09-24 19:30:46'),(215,'王雄诚',32,3,2,'','2015-09-24 19:31:00','2015-09-25 19:52:10'),(216,'王雄诚',32,3,3,'','2015-09-24 19:31:11','2015-09-25 19:52:23'),(217,'王奕程',32,3,2,'','2015-09-24 19:31:27','2015-09-24 19:31:27'),(218,'王奕程',32,3,3,'','2015-09-24 19:31:40','2015-09-24 19:31:40'),(219,'周曼慈',32,4,2,'','2015-09-24 19:34:02','2015-09-24 19:34:02'),(220,'周曼慈',32,4,3,'','2015-09-24 19:34:13','2015-09-24 19:34:13'),(221,'徐晨仪',32,4,3,'','2015-09-24 19:35:33','2015-09-24 19:35:33'),(222,'王安然',32,4,3,'','2015-09-24 19:35:42','2015-09-24 19:35:42'),(223,'胡庭耀',32,3,2,'','2015-09-24 19:37:26','2015-09-24 19:37:26'),(224,'胡庭耀',32,3,3,'','2015-09-24 19:37:37','2015-09-24 19:37:37'),(225,'蒋翰森',32,3,2,'','2015-09-24 19:38:14','2015-09-24 19:38:14'),(226,'蒋翰森',32,3,3,'','2015-09-24 19:38:27','2015-09-24 19:38:27'),(227,'杜懿',32,3,2,'','2015-09-24 19:38:38','2015-09-24 19:38:38'),(228,'杜懿',32,3,3,'','2015-09-24 19:38:56','2015-09-24 19:38:56'),(1006,'郭哲雨',58,1,1,'','2015-10-07 23:23:44','2015-10-07 23:23:44'),(986,'黄的涵',61,2,6,'兼项','2015-10-07 22:17:10','2015-10-07 22:17:52'),(985,'黄的涵',61,2,2,'主项','2015-10-07 22:16:28','2015-10-07 22:20:41'),(984,'周文龙',61,3,1,'主项','2015-10-07 22:11:56','2015-10-08 09:41:03'),(1014,'兰世嘉',58,1,1,'','2015-10-07 23:27:47','2015-10-07 23:27:47'),(241,'热则耶姆·麦合木提',10,4,1,'','2015-09-25 06:18:52','2015-09-25 06:19:33'),(242,'姑丽扎尔·亚森',10,4,1,'','2015-09-25 06:20:40','2015-09-25 06:20:55'),(243,'热则耶姆·麦合木提',10,4,2,'','2015-09-25 06:21:47','2015-09-25 06:22:30'),(244,'热则耶姆·麦合木提',10,4,3,'','2015-09-25 06:22:11','2015-09-25 06:22:41'),(245,'姑丽扎尔·亚森',10,4,2,'','2015-09-25 06:22:59','2015-09-25 06:23:35'),(246,'姑丽扎尔·亚森',10,4,3,'','2015-09-25 06:23:18','2015-09-25 06:23:48'),(247,'买买提明江·穷',10,3,4,'','2015-09-25 06:25:23','2015-10-06 12:33:52'),(248,'买买提明江·穷',10,3,2,'','2015-09-25 06:25:50','2015-10-06 12:33:27'),(249,'买买提明江·穷',10,3,3,'','2015-09-25 06:26:06','2015-10-06 12:33:02'),(250,'麦尔耶姆古丽·艾散',10,4,4,'','2015-09-25 06:27:45','2015-09-25 06:29:04'),(251,'麦尔耶姆古丽·艾散',10,4,2,'','2015-09-25 06:28:02','2015-09-25 06:28:38'),(252,'麦尔耶姆古丽·艾散',10,4,3,'','2015-09-25 06:28:17','2015-09-25 06:28:53'),(253,'李淘淘',22,1,1,'','2015-09-25 08:09:30','2015-09-25 08:09:30'),(254,'刘鑫',22,1,1,'','2015-09-25 08:09:58','2015-09-25 08:09:58'),(255,'李晶晶',22,2,1,'','2015-09-25 08:10:27','2015-09-25 08:10:27'),(256,'卜银丽',22,2,1,'','2015-09-25 08:10:51','2015-09-25 08:10:51'),(257,'李磊',22,1,4,'','2015-09-25 08:11:23','2015-09-25 08:11:23'),(258,'魏雪',22,2,4,'','2015-09-25 08:11:34','2015-09-25 08:15:07'),(259,'刘鑫',22,1,5,'','2015-09-25 08:11:59','2015-09-25 08:11:59'),(260,'李淘淘',22,1,5,'','2015-09-25 08:12:15','2015-09-25 08:14:27'),(261,'李磊',22,1,5,'','2015-09-25 08:12:39','2015-09-25 08:12:39'),(262,'李晶晶',22,2,5,'','2015-09-25 08:13:10','2015-09-25 08:13:10'),(263,'不银丽',22,2,5,'','2015-09-25 08:13:43','2015-09-25 08:13:43'),(264,'魏雪',22,2,5,'','2015-09-25 08:14:05','2015-09-25 08:14:05'),(265,'李淘淘',22,1,2,'','2015-09-25 08:15:58','2015-09-25 08:15:58'),(266,'刘鑫',22,1,2,'','2015-09-25 08:16:14','2015-09-25 08:16:14'),(267,'李磊',22,1,2,'','2015-09-25 08:16:27','2015-09-25 08:16:27'),(268,'李晶晶',22,2,2,'','2015-09-25 08:16:54','2015-09-25 08:16:54'),(269,'卜银丽',22,2,2,'','2015-09-25 08:17:17','2015-09-25 08:17:17'),(270,'魏雪',22,2,2,'','2015-09-25 08:17:33','2015-09-25 08:17:33'),(914,'李锦浩',52,3,6,'','2015-10-03 07:58:01','2015-10-03 07:58:01'),(913,'陈玛伊尔',52,3,4,'','2015-10-03 07:53:13','2015-10-07 16:24:56'),(912,'陈玛伊尔',52,3,2,'','2015-10-03 07:49:49','2015-10-03 07:49:49'),(911,'陈玛伊尔',52,3,6,'','2015-10-03 07:49:33','2015-10-03 07:49:33'),(277,'史宇宸',36,1,2,'','2015-09-25 09:47:28','2015-09-25 09:47:28'),(278,'谢睿涵',36,1,2,'','2015-09-25 09:47:49','2015-09-25 09:47:49'),(279,'沈罗俊',36,1,2,'','2015-09-25 09:48:09','2015-09-25 09:48:09'),(280,'朱家乐',36,1,2,'','2015-09-25 09:48:25','2015-09-25 09:48:25'),(281,'史宇宸',36,1,3,'','2015-09-25 09:48:49','2015-09-25 09:48:49'),(282,'谢睿涵',36,1,3,'','2015-09-25 09:49:05','2015-09-25 09:49:05'),(283,'沈罗俊',36,1,3,'','2015-09-25 09:49:24','2015-09-25 09:49:24'),(284,'朱家乐',36,1,3,'','2015-09-25 09:49:37','2015-09-25 09:49:37'),(285,'陈肖添',30,1,2,'','2015-09-25 10:53:15','2015-09-25 10:54:39'),(286,'陈皓翔',30,1,2,'','2015-09-25 10:53:53','2015-09-25 10:54:30'),(287,'李哲斌',30,1,2,'','2015-09-25 10:55:00','2015-09-25 10:55:00'),(288,'陈肖添',30,1,4,'','2015-09-25 10:55:28','2015-09-25 10:55:28'),(289,'陈皓翔',30,1,4,'','2015-09-25 10:55:59','2015-09-25 10:55:59'),(290,'李哲斌',30,1,4,'','2015-09-25 10:56:16','2015-09-25 10:56:16'),(291,'陈肖添',30,1,3,'','2015-09-25 10:57:07','2015-09-25 10:57:07'),(292,'陈皓翔',30,1,3,'','2015-09-25 10:57:28','2015-09-25 10:57:28'),(293,'李哲斌',30,1,3,'','2015-09-25 10:57:46','2015-09-25 10:57:46'),(294,'刘孟霆',24,1,2,'','2015-09-25 11:41:44','2015-09-25 11:41:44'),(295,'屠翀睿',24,1,2,'','2015-09-25 11:41:58','2015-09-25 11:41:58'),(296,'施展',24,1,2,'','2015-09-25 11:42:10','2015-09-25 11:42:10'),(297,'黄俊逸',24,1,3,'','2015-09-25 11:42:51','2015-09-25 11:42:51'),(362,'陈睿楠',30,1,4,'','2015-09-25 12:39:21','2015-09-25 12:39:21'),(299,'刘孟霆',24,1,3,'','2015-09-25 11:43:28','2015-09-25 11:43:28'),(300,'胡逸旻',24,1,3,'','2015-09-25 11:43:41','2015-09-25 11:43:41'),(301,'韩浩轩',24,1,3,'','2015-09-25 11:44:02','2015-09-25 11:44:02'),(302,'周乐凯',24,1,3,'','2015-09-25 11:44:15','2015-09-25 11:44:15'),(303,'屠翀睿',24,1,3,'','2015-09-25 11:44:32','2015-09-25 11:44:32'),(304,'施展',24,1,3,'','2015-09-25 11:44:43','2015-09-25 11:44:43'),(305,'张忱友',24,1,3,'','2015-09-25 11:44:56','2015-09-25 11:44:56'),(306,'石家瑜',24,1,3,'','2015-09-25 11:45:11','2015-09-25 11:45:11'),(307,'周威廉',24,1,3,'','2015-09-25 11:45:25','2015-09-25 11:45:25'),(308,'刘动',24,1,3,'','2015-09-25 11:45:35','2015-09-25 11:45:35'),(309,'邹志恒',30,1,4,'','2015-09-25 12:11:03','2015-09-25 12:11:03'),(310,'邹志恒',30,1,2,'','2015-09-25 12:11:18','2015-09-25 12:11:18'),(311,'邹志恒',30,1,3,'','2015-09-25 12:11:30','2015-09-25 12:11:30'),(312,'吴强',30,1,4,'','2015-09-25 12:12:17','2015-09-25 12:12:17'),(313,'吴强',30,1,2,'','2015-09-25 12:12:34','2015-09-25 12:12:34'),(314,'吴强',30,1,3,'','2015-09-25 12:12:44','2015-09-25 12:12:44'),(315,'吴钧诺',30,1,4,'','2015-09-25 12:13:04','2015-09-25 12:13:04'),(316,'吴钧诺',30,1,2,'','2015-09-25 12:13:09','2015-09-25 12:13:09'),(317,'吴钧诺',30,1,3,'','2015-09-25 12:13:16','2015-09-25 12:13:16'),(318,'冯亦珂',30,1,4,'','2015-09-25 12:14:44','2015-09-25 12:14:44'),(319,'冯亦珂',30,1,2,'','2015-09-25 12:15:00','2015-09-25 12:15:00'),(320,'冯亦珂',30,1,3,'','2015-09-25 12:15:09','2015-09-25 12:15:09'),(321,'余代黛',30,2,4,'','2015-09-25 12:15:43','2015-09-25 12:15:43'),(322,'余代黛',30,2,2,'','2015-09-25 12:15:51','2015-09-25 12:15:51'),(323,'余代黛',30,2,3,'','2015-09-25 12:16:01','2015-09-25 12:16:01'),(324,'段鑫影',30,2,4,'','2015-09-25 12:17:06','2015-09-25 12:17:06'),(325,'段鑫影',30,2,2,'','2015-09-25 12:17:15','2015-09-25 12:17:15'),(326,'段鑫影',30,2,3,'','2015-09-25 12:17:29','2015-09-25 12:17:29'),(327,'史瑜璐',30,2,4,'','2015-09-25 12:23:15','2015-09-25 12:23:15'),(328,'史瑜璐',30,2,2,'','2015-09-25 12:23:26','2015-09-25 12:23:26'),(329,'史瑜璐',30,2,3,'','2015-09-25 12:23:35','2015-09-25 12:23:35'),(330,'占惠莹',30,2,4,'','2015-09-25 12:24:24','2015-09-25 12:24:24'),(331,'占惠莹',30,2,3,'','2015-09-25 12:24:42','2015-09-25 12:24:42'),(332,'占惠莹',30,2,2,'','2015-09-25 12:24:50','2015-09-25 12:24:50'),(333,'王芊',30,2,2,'','2015-09-25 12:25:26','2015-09-25 12:25:26'),(334,'王芊',30,2,3,'','2015-09-25 12:25:35','2015-09-25 12:25:35'),(335,'王芊',30,2,4,'','2015-09-25 12:25:45','2015-09-25 12:25:45'),(336,'张雪',30,2,2,'','2015-09-25 12:25:58','2015-09-25 12:25:58'),(337,'张雪',30,2,3,'','2015-09-25 12:26:10','2015-09-25 12:26:10'),(338,'张雪',30,2,4,'','2015-09-25 12:26:19','2015-09-25 12:26:19'),(339,'方俊',30,1,2,'','2015-09-25 12:26:43','2015-09-25 12:26:43'),(340,'方俊',30,1,3,'','2015-09-25 12:26:55','2015-09-25 12:26:55'),(341,'方俊',30,1,4,'','2015-09-25 12:27:06','2015-09-25 12:27:06'),(342,'王怡',30,2,2,'','2015-09-25 12:27:39','2015-09-25 12:27:39'),(343,'王怡',30,2,3,'','2015-09-25 12:29:10','2015-09-25 12:29:10'),(344,'王怡',30,2,4,'','2015-09-25 12:29:18','2015-09-25 12:29:18'),(345,'伍心妙',30,2,2,'','2015-09-25 12:29:37','2015-09-25 12:29:37'),(346,'伍心妙',30,2,3,'','2015-09-25 12:29:48','2015-09-25 12:29:48'),(347,'伍心妙',30,2,4,'','2015-09-25 12:30:01','2015-09-25 12:30:01'),(348,'许天杭',30,2,2,'','2015-09-25 12:30:22','2015-09-25 12:30:22'),(349,'许天杭',30,2,3,'','2015-09-25 12:30:34','2015-09-25 12:30:34'),(350,'许天杭',30,2,4,'','2015-09-25 12:30:47','2015-09-25 12:30:47'),(351,'吴帅',37,1,2,'','2015-09-25 12:34:37','2015-09-25 12:34:37'),(352,'方瑞',37,1,2,'','2015-09-25 12:36:57','2015-09-25 12:36:57'),(353,'耿小龙',30,1,4,'','2015-09-25 12:37:07','2015-09-25 12:37:07'),(354,'耿小龙',30,1,2,'','2015-09-25 12:37:20','2015-09-25 12:37:20'),(355,'洪磊',37,1,2,'','2015-09-25 12:37:23','2015-09-25 12:37:23'),(356,'耿小龙',30,1,3,'','2015-09-25 12:37:31','2015-09-25 12:37:31'),(357,'徐涛',37,1,3,'','2015-09-25 12:37:41','2015-09-25 12:37:41'),(879,'陈果',37,1,3,'','2015-09-30 09:50:05','2015-09-30 09:50:05'),(359,'徐鑫蕊',37,2,2,'','2015-09-25 12:38:30','2015-09-25 12:38:30'),(360,'蔡晓珺',37,2,2,'','2015-09-25 12:38:48','2015-09-25 13:30:57'),(361,'郑熙媛',37,2,2,'','2015-09-25 12:39:18','2015-09-25 12:39:18'),(363,'陈睿楠',30,1,3,'','2015-09-25 12:39:34','2015-09-25 12:39:34'),(364,'孙灵曦',37,2,3,'','2015-09-25 12:39:45','2015-09-25 12:39:45'),(365,'陈睿楠',30,1,2,'','2015-09-25 12:39:48','2015-09-25 12:39:48'),(366,'叶一帆',37,2,3,'','2015-09-25 12:40:04','2015-09-25 12:40:04'),(367,'陈凯',30,1,4,'','2015-09-25 12:40:39','2015-09-25 12:40:39'),(370,'陈凯',30,1,3,'','2015-09-25 12:42:40','2015-09-25 12:42:40'),(369,'陈凯',30,1,2,'','2015-09-25 12:41:35','2015-09-25 12:41:35'),(375,'陈峥',30,1,2,'','2015-09-25 12:45:55','2015-09-25 12:45:55'),(372,'方德',30,1,2,'','2015-09-25 12:44:20','2015-09-25 12:44:20'),(373,'方德',30,1,3,'','2015-09-25 12:44:34','2015-09-25 12:44:34'),(374,'方德',30,1,4,'','2015-09-25 12:44:42','2015-09-25 12:44:42'),(376,'陈峥',30,1,3,'','2015-09-25 12:46:07','2015-09-25 12:46:07'),(377,'陈峥',30,1,4,'','2015-09-25 12:46:14','2015-09-25 12:46:14'),(378,'王进舟',24,1,3,'','2015-09-25 12:47:36','2015-09-25 12:47:36'),(379,'于燕飞',30,2,2,'','2015-09-25 12:47:39','2015-09-25 12:47:39'),(380,'于燕飞',30,2,3,'','2015-09-25 12:47:51','2015-09-25 12:47:51'),(383,'傅烨晨',30,2,2,'','2015-09-25 12:49:39','2015-09-25 12:49:39'),(382,'于燕飞',30,2,4,'','2015-09-25 12:48:00','2015-09-25 12:48:00'),(384,'傅烨晨',30,2,3,'','2015-09-25 12:49:48','2015-09-25 12:49:48'),(385,'傅烨晨',30,2,4,'','2015-09-25 12:49:57','2015-09-25 12:49:57'),(386,'金轩宇',24,1,3,'','2015-09-25 12:51:16','2015-09-25 12:51:16'),(387,'李奥雅',30,2,2,'','2015-09-25 12:51:17','2015-09-25 12:51:17'),(388,'李奥雅',30,2,3,'','2015-09-25 12:51:25','2015-09-25 12:51:25'),(389,'周威廉',24,1,2,'','2015-09-25 12:51:31','2015-09-25 12:51:31'),(390,'李奥雅',30,2,4,'','2015-09-25 12:51:31','2015-09-25 12:51:31'),(391,'钟羽宁',30,2,2,'','2015-09-25 12:52:18','2015-09-25 12:52:18'),(392,'钟羽宁',30,2,3,'','2015-09-25 12:52:27','2015-09-25 12:52:27'),(393,'钟羽宁',30,2,4,'','2015-09-25 12:52:33','2015-09-25 12:52:33'),(394,'赵菲菲',30,2,2,'','2015-09-25 12:53:15','2015-09-25 12:53:15'),(395,'赵菲菲',30,2,3,'','2015-09-25 12:53:45','2015-09-25 12:53:45'),(396,'赵菲菲',30,2,4,'','2015-09-25 12:53:52','2015-09-25 12:53:52'),(397,'俞奕乐',30,2,2,'','2015-09-25 12:55:06','2015-09-25 12:55:06'),(398,'俞奕乐',30,2,3,'','2015-09-25 12:55:13','2015-09-25 12:55:13'),(399,'俞奕乐',30,2,4,'','2015-09-25 12:55:20','2015-09-25 12:55:20'),(400,'储思予',30,2,2,'','2015-09-25 12:56:20','2015-09-25 12:56:20'),(401,'储思予',30,2,3,'','2015-09-25 12:56:32','2015-09-25 12:56:32'),(402,'储思予',30,2,4,'','2015-09-25 12:56:41','2015-09-25 12:56:41'),(403,'刘启杭',30,2,2,'','2015-09-25 12:58:02','2015-09-25 12:58:02'),(407,'王乾丞',30,1,2,'','2015-09-25 13:00:11','2015-09-25 13:00:11'),(405,'刘启杭',30,2,3,'','2015-09-25 12:58:11','2015-09-25 12:58:11'),(406,'刘启杭',30,2,4,'','2015-09-25 12:58:19','2015-09-25 12:58:19'),(408,'王乾丞',30,1,3,'','2015-09-25 13:00:21','2015-09-25 13:00:21'),(409,'王乾丞',30,1,4,'','2015-09-25 13:00:31','2015-09-25 13:00:31'),(410,'谢君楠',30,2,4,'','2015-09-25 13:03:33','2015-09-25 13:03:33'),(411,'谢君楠',30,2,2,'','2015-09-25 13:03:45','2015-09-25 13:03:45'),(423,'罗文海',38,3,5,'','2015-09-25 13:53:08','2015-09-25 13:53:08'),(413,'谢君楠',30,2,3,'','2015-09-25 13:04:12','2015-09-25 13:04:12'),(414,'徐思琪',30,2,4,'','2015-09-25 13:05:35','2015-09-25 13:05:35'),(415,'徐思琪',30,2,2,'','2015-09-25 13:05:47','2015-09-25 13:05:47'),(416,'徐思琪',30,2,3,'','2015-09-25 13:05:57','2015-09-25 13:05:57'),(417,'李芳郁',30,2,4,'','2015-09-25 13:06:41','2015-09-25 13:06:41'),(418,'李芳郁',30,2,2,'','2015-09-25 13:06:50','2015-09-25 13:06:50'),(419,'李芳郁',30,2,3,'','2015-09-25 13:06:57','2015-09-25 13:06:57'),(420,'周子茜',30,2,4,'','2015-09-25 13:07:30','2015-09-25 13:07:30'),(421,'周子茜',30,2,2,'','2015-09-25 13:07:43','2015-09-25 13:07:43'),(422,'周子茜',30,2,3,'','2015-09-25 13:07:55','2015-09-25 13:07:55'),(424,'李国强',38,3,4,'','2015-09-25 13:53:28','2015-09-25 13:53:28'),(425,'于越',38,3,5,'','2015-09-25 13:53:42','2015-09-25 13:53:42'),(426,'于越',38,3,1,'','2015-09-25 13:54:05','2015-09-25 13:54:05'),(427,'朱晨捷',38,3,2,'','2015-09-25 13:54:30','2015-09-25 13:54:30'),(428,'朱晨捷',38,3,6,'','2015-09-25 13:54:44','2015-09-25 13:54:44'),(429,'李富晨',38,3,5,'','2015-09-25 13:55:14','2015-09-25 13:55:14'),(430,'李宇洁',30,2,4,'','2015-09-25 13:55:20','2015-09-25 13:55:20'),(431,'李富晨',38,3,4,'','2015-09-25 13:55:23','2015-09-25 13:55:23'),(432,'李宇洁',30,2,2,'','2015-09-25 13:55:31','2015-09-25 13:55:31'),(433,'李富晨',38,3,2,'','2015-09-25 13:55:33','2015-09-25 13:55:33'),(434,'李宇洁',30,2,3,'','2015-09-25 13:55:41','2015-09-25 13:55:41'),(435,'潘岩',38,3,5,'','2015-09-25 13:55:58','2015-09-25 13:55:58'),(436,'潘岩',38,3,4,'','2015-09-25 13:56:03','2015-09-25 13:56:03'),(437,'潘岩',38,3,2,'','2015-09-25 13:56:08','2015-09-25 13:56:08'),(438,'顾怿骋',38,3,5,'','2015-09-25 13:56:21','2015-09-25 13:56:21'),(439,'顾怿骋',38,3,4,'','2015-09-25 13:56:27','2015-09-25 13:56:27'),(440,'顾怿骋',38,3,2,'','2015-09-25 13:56:32','2015-09-25 13:56:32'),(441,'王晶晶',30,2,4,'','2015-09-25 13:56:53','2015-09-25 13:56:53'),(1178,'周雨濛',38,4,6,'','2015-10-08 11:20:42','2015-10-08 11:20:42'),(443,'王晶晶',30,2,2,'','2015-09-25 13:57:02','2015-09-25 13:57:02'),(1177,'陈心悦',38,4,4,'','2015-10-08 11:20:28','2015-10-08 11:26:13'),(446,'王晶晶',30,2,3,'','2015-09-25 13:57:15','2015-09-25 13:57:15'),(447,'张迦成',38,3,6,'','2015-09-25 13:57:34','2015-09-25 13:57:34'),(448,'黄天翔',38,3,6,'','2015-09-25 13:57:45','2015-09-25 13:57:45'),(451,'邵羿婷',30,2,2,'','2015-09-25 13:58:12','2015-09-25 13:58:12'),(450,'邵羿婷',30,2,4,'','2015-09-25 13:58:00','2015-09-25 13:58:00'),(452,'邵羿婷',30,2,3,'','2015-09-25 13:58:22','2015-09-25 13:58:22'),(453,'蒋晓冉',38,4,5,'','2015-09-25 13:58:50','2015-09-25 13:58:50'),(454,'詹佳敏',30,2,4,'','2015-09-25 13:58:53','2015-09-25 13:58:53'),(455,'蒋晓冉',38,4,4,'','2015-09-25 13:58:58','2015-09-25 13:58:58'),(456,'詹佳敏',30,2,2,'','2015-09-25 13:59:06','2015-09-25 13:59:06'),(457,'詹佳敏',30,2,3,'','2015-09-25 13:59:16','2015-09-25 13:59:16'),(458,'陆佳怡',38,4,5,'','2015-09-25 13:59:16','2015-09-25 13:59:16'),(459,'陆佳怡',38,4,4,'','2015-09-25 13:59:25','2015-09-25 13:59:25'),(460,'周雨濛',38,4,4,'','2015-09-25 13:59:36','2015-09-25 13:59:36'),(461,'倪舒韵',38,4,5,'','2015-09-25 13:59:51','2015-09-25 13:59:51'),(1179,'黄天翔',38,3,2,'','2015-10-08 11:22:26','2015-10-08 11:22:26'),(463,'陈奕豪',30,1,4,'','2015-09-25 13:59:58','2015-09-25 13:59:58'),(464,'陈心悦',38,4,5,'','2015-09-25 14:00:14','2015-09-25 14:00:14'),(465,'陈奕豪',30,1,2,'','2015-09-25 14:00:17','2015-09-25 14:00:17'),(466,'陈奕豪',30,1,3,'','2015-09-25 14:00:32','2015-09-25 14:00:32'),(467,'张元琦',38,1,5,'','2015-09-25 14:01:04','2015-09-25 14:01:04'),(468,'张元琦',38,1,4,'','2015-09-25 14:01:11','2015-09-25 14:01:11'),(1079,'钟昊澄',61,1,3,'兼项','2015-10-08 09:08:56','2015-10-08 09:08:56'),(471,'李心怡',30,2,2,'','2015-09-25 14:01:48','2015-09-25 14:01:48'),(472,'李心怡',30,2,3,'','2015-09-25 14:02:04','2015-09-25 14:02:04'),(473,'李心怡',30,2,4,'','2015-09-25 14:02:19','2015-09-25 14:02:19'),(474,'沈舒冰',30,2,2,'','2015-09-25 14:03:37','2015-09-25 14:03:37'),(475,'沈舒冰',30,2,3,'','2015-09-25 14:03:50','2015-09-25 14:03:50'),(476,'沈舒冰',30,2,4,'','2015-09-25 14:04:02','2015-09-25 14:04:02'),(477,'汪青莲',30,2,2,'','2015-09-25 14:05:39','2015-09-25 14:05:39'),(478,'汪青莲',30,2,3,'','2015-09-25 14:05:58','2015-09-25 14:05:58'),(479,'汪青莲',30,2,4,'','2015-09-25 14:06:11','2015-09-25 14:06:11'),(480,'汪青莲',30,2,4,'','2015-09-25 14:06:37','2015-09-25 14:06:37'),(481,'黄讯驰',40,1,5,'','2015-09-25 14:06:42','2015-09-25 14:06:42'),(482,'黄迅驰',40,1,4,'','2015-09-25 14:06:53','2015-10-08 11:28:23'),(483,'李德畅',40,1,5,'','2015-09-25 14:07:03','2015-09-25 14:07:03'),(484,'李德畅',40,1,4,'','2015-09-25 14:07:11','2015-09-25 14:07:11'),(485,'赵浦东',40,1,5,'','2015-09-25 14:07:24','2015-09-25 14:07:24'),(486,'李雪',40,2,5,'','2015-09-25 14:07:33','2015-09-25 14:07:33'),(487,'吴诗琪',40,2,5,'','2015-09-25 14:07:46','2015-09-25 14:07:46'),(488,'屈宇帆',40,2,5,'','2015-09-25 14:07:56','2015-09-25 14:07:56'),(489,'冯顺',40,1,5,'','2015-09-25 14:08:08','2015-09-25 14:08:08'),(490,'徐镇薪',30,1,2,'','2015-09-25 14:08:12','2015-09-25 14:08:12'),(491,'冯顺',40,1,4,'','2015-09-25 14:08:12','2015-09-25 14:08:12'),(492,'徐镇薪',30,1,3,'','2015-09-25 14:08:24','2015-09-25 14:08:24'),(493,'朱薪屹',40,1,5,'','2015-09-25 14:08:24','2015-09-25 14:08:24'),(494,'朱薪屹',40,1,4,'','2015-09-25 14:08:29','2015-09-25 14:08:29'),(495,'徐镇薪',30,1,4,'','2015-09-25 14:08:35','2015-09-25 14:08:35'),(496,'黄格格',40,2,5,'','2015-09-25 14:08:39','2015-09-25 14:08:39'),(497,'黄格格',40,2,4,'','2015-09-25 14:08:46','2015-09-25 14:08:46'),(498,'吴佳',40,2,5,'','2015-09-25 14:08:55','2015-09-25 14:08:55'),(499,'吴佳',40,2,4,'','2015-09-25 14:09:03','2015-09-25 14:09:03'),(500,'房领浩',40,1,5,'','2015-09-25 14:09:12','2015-09-25 14:09:12'),(501,'房领浩',40,1,4,'','2015-09-25 14:09:17','2015-09-25 14:09:17'),(502,'叶宇峰',40,1,5,'','2015-09-25 14:09:32','2015-09-25 14:09:32'),(503,'叶宇峰',40,1,4,'','2015-09-25 14:09:37','2015-09-25 14:09:37'),(504,'吴杭伟',30,1,2,'','2015-09-25 14:09:55','2015-09-25 14:09:55'),(505,'余庆庆',40,3,5,'','2015-09-25 14:10:01','2015-09-25 14:10:01'),(506,'余庆庆',40,3,1,'','2015-09-25 14:10:05','2015-09-25 14:10:05'),(507,'吴杭伟',30,1,3,'','2015-09-25 14:10:06','2015-09-25 14:10:06'),(508,'余庆庆',40,3,3,'','2015-09-25 14:10:16','2015-09-25 14:10:16'),(509,'吴杭伟',30,1,4,'','2015-09-25 14:10:18','2015-09-25 14:10:18'),(510,'于千喜',40,3,5,'','2015-09-25 14:11:11','2015-09-25 14:11:11'),(511,'于千喜',40,3,4,'','2015-09-25 14:11:16','2015-09-25 14:11:16'),(512,'于千喜',40,3,3,'','2015-09-25 14:11:22','2015-09-25 14:11:22'),(513,'时玥',40,4,5,'','2015-09-25 14:11:42','2015-09-25 14:11:42'),(514,'时玥',40,4,1,'','2015-09-25 14:11:46','2015-09-25 14:11:46'),(515,'时玥',40,4,3,'','2015-09-25 14:11:54','2015-09-25 14:11:54'),(516,'顾卓仑',30,1,2,'','2015-09-25 14:11:57','2015-09-25 14:11:57'),(517,'顾卓仑',30,1,3,'','2015-09-25 14:12:12','2015-09-25 14:12:12'),(518,'顾卓仑',30,1,4,'','2015-09-25 14:12:26','2015-09-25 14:12:26'),(519,'王鹏皓',18,1,1,'玉泉','2015-09-25 14:13:30','2015-09-25 14:25:24'),(520,'徐佳瑶',30,2,2,'','2015-09-25 14:13:36','2015-09-25 14:13:36'),(521,'徐佳瑶',30,2,3,'','2015-09-25 14:13:50','2015-09-25 14:13:50'),(522,'徐佳瑶',30,2,4,'','2015-09-25 14:14:07','2015-09-25 14:14:07'),(523,'胡昊扬',18,1,1,'玉泉','2015-09-25 14:14:19','2015-09-25 14:14:19'),(524,'冯一凡',18,1,1,'玉泉','2015-09-25 14:14:46','2015-09-25 14:14:46'),(525,'马鑫',18,1,1,'延庆','2015-09-25 14:15:10','2015-09-25 14:15:25'),(946,'张晓衡',60,1,3,'','2015-10-07 19:46:57','2015-10-07 19:46:57'),(527,'阙思祺',30,2,3,'','2015-09-25 14:15:49','2015-09-25 14:15:49'),(528,'阙思祺',30,2,2,'','2015-09-25 14:16:08','2015-09-25 14:16:08'),(529,'刘蓉',18,2,1,'(延庆)','2015-09-25 14:16:16','2015-09-25 14:16:26'),(530,'阙思祺',30,2,4,'','2015-09-25 14:16:21','2015-09-25 14:16:21'),(682,'常宸豪',39,3,2,'','2015-09-25 15:57:44','2015-09-25 15:57:44'),(532,'赵云',18,3,4,'(寄读)','2015-09-25 14:17:27','2015-09-25 16:10:05'),(533,'刘胜',18,3,4,'(寄读)','2015-09-25 14:18:01','2015-09-25 17:00:29'),(534,'李嘉哲',30,1,2,'','2015-09-25 14:18:01','2015-09-25 14:18:01'),(535,'李嘉哲',30,1,3,'','2015-09-25 14:18:14','2015-09-25 14:18:14'),(536,'董立辉',18,3,4,'(寄读)','2015-09-25 14:18:19','2015-09-25 17:00:07'),(537,'李嘉哲',30,1,4,'','2015-09-25 14:18:23','2015-09-25 14:18:23'),(538,'陈峰',18,3,4,'(寄读','2015-09-25 14:18:32','2015-09-25 17:00:37'),(539,'王际超',30,1,2,'','2015-09-25 14:18:49','2015-09-25 14:18:49'),(540,'王际超',30,1,3,'','2015-09-25 14:18:57','2015-09-25 14:18:57'),(541,'王际超',30,1,4,'','2015-09-25 14:19:02','2015-09-25 14:19:02'),(542,'张伟栋',30,1,2,'','2015-09-25 14:19:18','2015-09-25 14:19:18'),(543,'张伟栋',30,1,4,'','2015-09-25 14:19:31','2015-09-25 14:19:31'),(706,'杨静淳',18,4,1,'(北外附)','2015-09-25 17:01:39','2015-09-25 17:01:39'),(545,'杨小寒',18,4,1,'(北外附)','2015-09-25 14:20:16','2015-09-25 14:20:16'),(546,'阮家阳',30,1,2,'','2015-09-25 14:20:25','2015-09-25 14:20:25'),(547,'阮家阳',30,1,3,'','2015-09-25 14:20:32','2015-09-25 14:20:32'),(548,'阮家阳',30,1,4,'','2015-09-25 14:20:41','2015-09-25 14:20:41'),(549,'姜龙辉',18,3,1,'19','2015-09-25 14:20:52','2015-09-25 14:20:52'),(550,'赵紫晔',18,3,1,'19','2015-09-25 14:21:07','2015-09-25 14:21:07'),(551,'吕芳卓',30,2,2,'','2015-09-25 14:21:34','2015-09-25 14:21:34'),(552,'吕芳卓',30,2,3,'','2015-09-25 14:21:43','2015-09-25 14:21:43'),(553,'锡天意',18,3,1,'19','2015-09-25 14:21:53','2015-09-25 14:21:53'),(554,'吕芳卓',30,2,4,'','2015-09-25 14:21:54','2015-09-25 14:21:54'),(555,'李文静',30,2,2,'','2015-09-25 14:22:26','2015-09-25 14:22:26'),(556,'包淇智',18,3,1,'19','2015-09-25 14:22:27','2015-09-25 14:22:27'),(557,'李文静',30,2,3,'','2015-09-25 14:22:37','2015-09-25 14:22:37'),(558,'李文静',30,2,4,'','2015-09-25 14:22:48','2015-09-25 14:22:48'),(559,'郑一婷',18,4,1,'19','2015-09-25 14:23:05','2015-09-25 14:23:14'),(560,'秦时雨',18,4,1,'19','2015-09-25 14:23:40','2015-09-25 14:23:40'),(561,'陈柏宇',30,1,2,'','2015-09-25 14:23:45','2015-09-25 14:23:45'),(562,'陈柏宇',30,1,3,'','2015-09-25 14:23:55','2015-09-25 14:23:55'),(563,'陈柏宇',30,1,4,'','2015-09-25 14:24:08','2015-09-25 14:24:08'),(564,'王鹏皓',18,1,2,'(玉泉)','2015-09-25 14:26:20','2015-09-25 14:26:20'),(565,'胡昊扬',18,1,2,'(玉泉)','2015-09-25 14:27:02','2015-09-25 14:27:02'),(566,'冯一凡',18,1,2,'(玉泉)','2015-09-25 14:29:49','2015-09-25 14:29:49'),(709,'张杭斌',32,3,3,'','2015-09-25 17:10:27','2015-09-25 17:10:27'),(568,'马鑫',18,1,2,'(延庆)','2015-09-25 14:31:33','2015-09-25 14:31:33'),(569,'刘蓉',18,2,2,'(延庆)','2015-09-25 14:32:07','2015-09-25 14:32:07'),(955,'刘飒',60,2,2,'','2015-10-07 19:51:04','2015-10-07 19:51:39'),(571,'冉耕涛',2,1,2,'','2015-09-25 14:34:54','2015-10-08 09:03:18'),(572,'余闻的',2,1,2,'','2015-09-25 14:35:11','2015-10-08 09:03:28'),(573,'周锦华',2,1,2,'','2015-09-25 14:35:37','2015-10-08 09:03:35'),(574,'蒋欣燃',2,2,2,'','2015-09-25 14:35:57','2015-10-08 09:03:52'),(577,'赵云',18,3,2,'(寄读)','2015-09-25 14:37:30','2015-09-25 14:37:30'),(576,'杨柠菱',2,2,2,'','2015-09-25 14:36:21','2015-10-08 09:04:01'),(578,'刘胜',18,3,2,'(寄读)','2015-09-25 14:37:59','2015-09-25 14:37:59'),(579,'董立辉',18,3,2,'(寄读)','2015-09-25 14:38:21','2015-09-25 14:38:21'),(580,'陈峰',18,3,2,'(寄读)','2015-09-25 14:38:54','2015-09-25 14:38:54'),(581,'姜龙辉',18,3,2,'19','2015-09-25 14:39:13','2015-09-25 14:39:13'),(582,'赵紫晔',18,3,2,'19','2015-09-25 14:39:33','2015-09-25 14:39:33'),(583,'锡天意',18,3,2,'19','2015-09-25 14:41:41','2015-09-25 14:41:41'),(584,'包淇智',18,3,2,'19','2015-09-25 14:41:51','2015-09-25 14:41:51'),(585,'杨静淳',18,4,2,'(北外附)','2015-09-25 14:42:21','2015-09-25 14:42:58'),(586,'杨小寒',18,4,2,'(北外附)','2015-09-25 14:42:46','2015-09-25 14:42:46'),(587,'郑一婷',18,4,2,'19','2015-09-25 14:43:40','2015-09-25 14:43:40'),(588,'王鹏皓',18,1,3,'(玉泉)','2015-09-25 14:44:39','2015-09-25 14:44:39'),(589,'胡昊扬',18,1,3,'(玉泉)','2015-09-25 14:45:03','2015-09-25 14:45:03'),(590,'冯一凡',18,1,3,'(玉泉)','2015-09-25 14:45:23','2015-09-25 14:45:23'),(591,'马鑫',18,1,3,'(延庆)','2015-09-25 14:45:41','2015-09-25 14:45:41'),(681,'常宸豪',39,3,3,'','2015-09-25 15:57:20','2015-09-25 15:57:20'),(593,'刘蓉',18,2,3,'(延庆)','2015-09-25 14:46:24','2015-09-25 14:46:24'),(594,'冯永莉',18,2,3,'(海实)','2015-09-25 14:46:34','2015-09-25 14:46:34'),(595,'王宇',18,3,3,'(盲校)','2015-09-25 14:47:08','2015-09-25 14:47:08'),(596,'甄梓晨',18,3,3,'(盲校)','2015-09-25 14:47:27','2015-09-25 14:47:27'),(597,'刘胜',18,3,3,'(寄读)','2015-09-25 14:47:49','2015-09-25 14:47:49'),(598,'董立辉',18,3,3,'(寄读)','2015-09-25 14:48:23','2015-09-25 14:48:23'),(599,'姜龙辉',18,3,3,'19','2015-09-25 14:48:33','2015-09-25 14:48:33'),(600,'赵紫晔',18,3,3,'19','2015-09-25 14:49:06','2015-09-25 14:49:06'),(601,'锡天意',18,3,3,'19','2015-09-25 14:49:20','2015-09-25 14:49:20'),(602,'包淇智',18,3,3,'19','2015-09-25 14:49:39','2015-09-25 14:49:39'),(603,'杨静淳',18,4,3,'(北外附)','2015-09-25 14:50:17','2015-09-25 14:50:17'),(604,'杨小寒',18,4,3,'(北外附)','2015-09-25 14:50:38','2015-09-25 14:50:38'),(605,'郑一婷',18,4,3,'19','2015-09-25 14:50:58','2015-09-25 14:50:58'),(606,'秦时雨',18,4,3,'19','2015-09-25 14:50:58','2015-09-25 14:55:14'),(607,'赵云',18,3,6,'（寄读）','2015-09-25 14:56:00','2015-09-25 14:56:00'),(608,'陈峰',18,3,6,'(寄读)','2015-09-25 14:56:27','2015-09-25 14:56:27'),(609,'李佳钰',41,2,1,'','2015-09-25 14:56:40','2015-09-25 14:56:40'),(610,'王昊越',41,1,1,'','2015-09-25 14:57:00','2015-09-25 14:57:00'),(611,'鲍一凡',41,1,1,'','2015-09-25 14:57:10','2015-09-25 14:57:10'),(612,'何宇奇',41,1,1,'','2015-09-25 14:57:30','2015-09-25 14:57:30'),(631,'苏郑俨',34,1,2,'','2015-09-25 15:35:46','2015-09-25 15:35:46'),(614,'单应杭',41,1,1,'','2015-09-25 14:57:57','2015-09-25 14:57:57'),(615,'沈子越',41,1,1,'','2015-09-25 14:58:14','2015-09-25 14:58:14'),(616,'许靖涵',41,1,1,'','2015-09-25 14:58:28','2015-09-25 14:58:28'),(630,'王宁',34,1,2,'','2015-09-25 15:34:58','2015-09-25 15:34:58'),(618,'王涵玮',41,1,1,'','2015-09-25 14:59:13','2015-09-25 14:59:13'),(619,'陈逸涵',41,1,1,'','2015-09-25 14:59:30','2015-09-25 14:59:30'),(620,'俞可轩',41,1,1,'','2015-09-25 14:59:45','2015-09-25 14:59:45'),(621,'贺文',41,1,1,'','2015-09-25 14:59:57','2015-09-25 14:59:57'),(622,'王欣婷',41,2,1,'','2015-09-25 15:00:08','2015-09-25 15:03:34'),(623,'王孝中',41,1,1,'','2015-09-25 15:00:22','2015-09-25 15:00:22'),(624,'周熙妍',41,2,1,'','2015-09-25 15:00:43','2015-09-25 15:00:43'),(625,'宋承航',41,1,1,'','2015-09-25 15:01:17','2015-09-25 15:01:17'),(626,'郑宇涵',41,1,1,'','2015-09-25 15:01:48','2015-09-25 15:01:48'),(627,'林轩炜',41,1,1,'','2015-09-25 15:02:04','2015-09-25 15:02:04'),(628,'孙承毅',41,1,1,'','2015-09-25 15:02:18','2015-09-25 15:02:18'),(629,'郑瀚',41,1,1,'','2015-09-25 15:02:43','2015-09-25 15:02:43'),(632,'张天天航',34,1,2,'','2015-09-25 15:36:07','2015-09-25 15:36:07'),(633,'沈欣如',34,2,2,'','2015-09-25 15:36:24','2015-09-25 15:37:25'),(634,'柯俊辉',34,1,2,'','2015-09-25 15:36:56','2015-09-25 15:36:56'),(635,'钱佳伟',34,1,2,'','2015-09-25 15:37:10','2015-09-25 15:37:10'),(636,'吴仪曼',34,2,2,'','2015-09-25 15:38:29','2015-09-25 15:38:29'),(637,'邱天泽',43,1,6,'','2015-09-25 15:38:33','2015-09-25 15:38:33'),(638,'林昀禾',43,1,6,'','2015-09-25 15:38:53','2015-09-25 15:38:53'),(639,'杨若磐',43,1,6,'','2015-09-25 15:39:13','2015-09-25 15:39:13'),(640,'曹雪逸',34,2,2,'','2015-09-25 15:39:15','2015-09-25 15:39:15'),(641,'胡德博',43,1,6,'','2015-09-25 15:39:27','2015-09-25 15:39:27'),(642,'张轩畅',43,2,6,'','2015-09-25 15:39:47','2015-09-25 15:39:47'),(643,'翁洋',34,1,1,'','2015-09-25 15:43:37','2015-09-25 15:43:37'),(644,'柯俊辉',34,1,1,'','2015-09-25 15:43:58','2015-09-25 15:43:58'),(645,'钱佳伟',34,1,1,'','2015-09-25 15:44:15','2015-09-25 15:44:15'),(646,'曹雪逸',34,2,1,'','2015-09-25 15:44:59','2015-09-25 15:44:59'),(647,'周梦月',34,2,1,'','2015-09-25 15:45:14','2015-09-25 15:45:14'),(648,'孙诗晗',39,4,1,'','2015-09-25 15:45:51','2015-09-25 15:45:51'),(649,'马菁遥',39,4,1,'','2015-09-25 15:46:20','2015-09-25 15:46:20'),(650,'马菁遥',39,4,2,'','2015-09-25 15:46:38','2015-09-25 15:46:38'),(651,'马菁遥',39,4,3,'','2015-09-25 15:46:50','2015-09-25 15:46:50'),(652,'杨承睿',39,3,1,'','2015-09-25 15:47:10','2015-09-25 15:47:10'),(653,'杨承睿',39,3,2,'','2015-09-25 15:47:20','2015-09-25 15:47:20'),(654,'杨承睿',39,3,3,'','2015-09-25 15:47:34','2015-09-25 15:47:34'),(655,'崔丁元',39,3,1,'','2015-09-25 15:47:55','2015-09-25 15:47:55'),(656,'崔丁元',39,3,2,'','2015-09-25 15:48:04','2015-09-25 15:48:04'),(657,'崔丁元',39,3,3,'','2015-09-25 15:48:14','2015-09-25 15:48:14'),(954,'刘飒',60,2,3,'','2015-10-07 19:50:57','2015-10-07 19:51:50'),(952,'翟浩',60,1,2,'','2015-10-07 19:49:59','2015-10-07 19:49:59'),(945,'张晓衡',60,1,2,'','2015-10-07 19:46:48','2015-10-07 19:46:48'),(951,'翟浩',60,1,3,'','2015-10-07 19:49:51','2015-10-07 19:49:51'),(943,'李雨珂',60,1,2,'','2015-10-07 19:45:32','2015-10-07 20:06:38'),(950,'张明杨',60,1,3,'','2015-10-07 19:48:16','2015-10-07 19:48:16'),(942,'钱开心',60,2,2,'','2015-10-07 19:44:22','2015-10-07 19:44:22'),(949,'张明杨',60,1,2,'','2015-10-07 19:48:08','2015-10-07 19:48:08'),(708,'张杭斌',32,3,2,'','2015-09-25 17:10:17','2015-09-25 17:10:17'),(707,'秦时雨',18,4,2,'19','2015-09-25 17:02:53','2015-09-25 17:02:53'),(673,'傅熠浩',44,1,6,'','2015-09-25 15:53:11','2015-09-25 15:53:11'),(674,'张林琪',44,1,6,'','2015-09-25 15:53:27','2015-09-25 15:53:27'),(675,'常宸豪',39,3,1,'','2015-09-25 15:53:39','2015-09-25 15:53:39'),(676,'戴志烨',44,1,6,'','2015-09-25 15:53:44','2015-09-25 15:53:44'),(932,'王鑫元',39,3,1,'','2015-10-07 18:15:16','2015-10-07 18:15:16'),(953,'翟浩',60,1,4,'','2015-10-07 19:50:07','2015-10-07 19:50:07'),(680,'申湘涵',44,1,6,'','2015-09-25 15:54:17','2015-09-25 15:54:17'),(948,'王甫文',60,1,3,'','2015-10-07 19:47:29','2015-10-07 19:47:29'),(941,'张嘉桐',60,1,4,'','2015-10-07 19:43:54','2015-10-07 19:43:54'),(704,'孙诗晗',39,4,3,'','2015-09-25 16:11:27','2015-10-07 18:17:58'),(687,'王青士',39,3,1,'','2015-09-25 15:59:56','2015-09-25 15:59:56'),(688,'王青士',39,3,2,'','2015-09-25 16:00:26','2015-09-25 16:00:26'),(689,'王青士',39,3,3,'','2015-09-25 16:00:43','2015-09-25 16:00:43'),(947,'王甫文',60,1,2,'','2015-10-07 19:47:21','2015-10-07 19:47:21'),(944,'李雨珂',60,1,3,'','2015-10-07 19:45:45','2015-10-07 19:45:45'),(692,'齐雨杨',39,3,1,'','2015-09-25 16:05:10','2015-09-25 16:05:10'),(693,'齐雨杨',39,3,2,'','2015-09-25 16:05:19','2015-09-25 16:05:19'),(694,'冯安骐',44,2,6,'','2015-09-25 16:05:46','2015-09-25 16:05:46'),(695,'齐雨杨',39,3,3,'','2015-09-25 16:05:58','2015-09-25 16:05:58'),(696,'蒋轩昂',39,3,1,'','2015-09-25 16:06:52','2015-09-25 16:06:52'),(697,'蒋轩昂',39,3,2,'','2015-09-25 16:07:04','2015-09-25 16:07:04'),(698,'蒋轩昂',39,3,3,'','2015-09-25 16:07:20','2015-09-25 16:07:20'),(703,'孙诗晗',39,4,2,'','2015-09-25 16:11:15','2015-09-25 16:11:15'),(700,'闫华瑜',39,3,1,'','2015-09-25 16:07:52','2015-09-25 16:07:52'),(701,'闫华瑜',39,3,2,'','2015-09-25 16:08:35','2015-09-25 16:08:35'),(702,'闫华瑜',39,3,3,'','2015-09-25 16:08:46','2015-09-25 16:08:46'),(710,'李一川',32,3,2,'','2015-09-25 17:10:45','2015-09-25 17:10:45'),(711,'李一川',32,3,3,'','2015-09-25 17:10:52','2015-09-25 17:10:52'),(712,'金韬睿',32,3,2,'','2015-09-25 17:12:56','2015-09-25 17:12:56'),(713,'金韬睿',32,3,3,'','2015-09-25 17:13:04','2015-09-25 17:13:04'),(714,'黄夏伊贝',32,4,2,'','2015-09-25 17:15:53','2015-09-25 17:15:53'),(715,'黄夏伊贝',32,4,3,'','2015-09-25 17:16:01','2015-09-25 17:16:01'),(716,'罗吕韬',32,1,2,'','2015-09-25 17:16:25','2015-09-25 17:16:25'),(717,'罗吕韬',32,1,3,'','2015-09-25 17:16:33','2015-09-25 17:16:33'),(718,'韦沛然',32,1,2,'','2015-09-25 17:17:01','2015-09-25 17:17:01'),(719,'韦沛然',32,1,3,'','2015-09-25 17:17:10','2015-09-25 17:17:10'),(731,'来陈榕',32,4,3,'','2015-09-25 17:57:26','2015-09-25 17:57:26'),(730,'来陈榕',32,4,2,'','2015-09-25 17:57:14','2015-09-25 17:57:14'),(722,'周逸',32,4,2,'','2015-09-25 17:18:22','2015-09-25 17:18:22'),(723,'周逸',32,4,3,'','2015-09-25 17:18:32','2015-09-25 17:18:32'),(724,'吴宸轩',46,1,2,'','2015-09-25 17:19:03','2015-09-25 17:19:03'),(725,'褚健',32,3,2,'','2015-09-25 17:19:15','2015-09-25 17:19:15'),(726,'褚健',32,3,3,'','2015-09-25 17:19:23','2015-09-25 17:19:23'),(727,'吴宸轩',46,1,6,'','2015-09-25 17:21:30','2015-09-25 21:31:29'),(728,'虞理楷',32,3,2,'','2015-09-25 17:22:28','2015-09-25 17:22:28'),(729,'虞理楷',32,3,3,'','2015-09-25 17:22:37','2015-09-25 17:22:37'),(732,'徐开',32,3,2,'','2015-09-25 17:59:59','2015-09-25 17:59:59'),(733,'徐开',32,3,3,'','2015-09-25 18:00:09','2015-09-25 18:00:09'),(734,'胡奇乐',32,3,3,'','2015-09-25 18:02:52','2015-09-25 18:02:52'),(735,'卢铖曦',32,3,3,'','2015-09-25 18:03:20','2015-09-25 18:03:20'),(736,'王鑫灿',32,1,2,'','2015-09-25 19:59:27','2015-09-25 19:59:27'),(737,'王鑫灿',32,1,3,'','2015-09-25 19:59:36','2015-09-25 19:59:36'),(738,'岑屿',32,3,2,'','2015-09-25 20:28:00','2015-09-25 20:28:00'),(739,'岑屿',32,3,3,'','2015-09-25 20:28:08','2015-09-25 20:28:08'),(740,'翁启城',46,1,2,'','2015-09-25 21:31:42','2015-09-25 21:31:42'),(741,'翁启城',46,1,6,'','2015-09-25 21:31:54','2015-09-25 21:31:54'),(742,'俞硕铖',46,1,2,'','2015-09-25 21:33:27','2015-09-25 21:33:27'),(743,'俞硕铖',46,1,6,'','2015-09-25 21:33:40','2015-09-25 21:33:40'),(744,'陈博凯',46,1,2,'','2015-09-25 21:33:56','2015-09-25 21:33:56'),(745,'陈博凯',46,1,6,'','2015-09-25 21:34:14','2015-09-25 21:34:14'),(746,'赵紫黎',46,1,2,'','2015-09-25 21:34:46','2015-09-25 21:34:46'),(747,'赵紫黎',46,1,6,'','2015-09-25 21:34:55','2015-09-25 21:34:55'),(748,'胡寺桐',46,1,2,'','2015-09-25 21:35:31','2015-09-25 21:35:31'),(749,'胡寺桐',46,1,6,'','2015-09-25 21:35:43','2015-09-25 21:35:43'),(750,'龙泽浩',46,1,2,'','2015-09-25 21:36:22','2015-09-25 21:36:22'),(751,'龙泽浩',46,1,6,'','2015-09-25 21:36:35','2015-09-25 21:36:35'),(752,'阮弘毅',46,1,2,'','2015-09-25 21:36:55','2015-09-25 21:36:55'),(753,'阮弘毅',46,1,6,'','2015-09-25 21:37:03','2015-09-25 21:37:03'),(754,'鲁董宇',46,1,2,'','2015-09-25 21:37:18','2015-09-25 21:37:18'),(755,'鲁董宇',46,1,6,'','2015-09-25 21:37:26','2015-09-25 21:37:26'),(756,'黄泽然',46,1,2,'','2015-09-25 21:37:39','2015-09-25 21:37:39'),(757,'黄泽然',46,1,3,'','2015-09-25 21:37:46','2015-09-25 21:44:24'),(758,'徐子越',46,1,2,'','2015-09-25 21:37:59','2015-09-25 21:37:59'),(759,'徐子越',46,1,6,'','2015-09-25 21:38:07','2015-09-25 21:38:07'),(760,'徐聪',46,1,2,'','2015-09-25 21:38:22','2015-09-25 21:38:22'),(761,'徐聪',46,1,6,'','2015-09-25 21:38:29','2015-09-25 21:38:29'),(762,'钟宏灏',46,1,2,'','2015-09-25 21:38:44','2015-09-25 21:38:44'),(763,'钟宏灏',46,1,6,'','2015-09-25 21:38:51','2015-09-25 21:38:51'),(764,'张宇轩',46,1,2,'','2015-09-25 21:39:03','2015-09-25 21:39:03'),(765,'张宇轩',46,1,6,'','2015-09-25 21:39:11','2015-09-25 21:39:11'),(766,'徐奕扬',46,1,2,'','2015-09-25 21:39:23','2015-09-25 21:39:23'),(767,'徐奕扬',46,1,6,'','2015-09-25 21:39:30','2015-09-25 21:39:30'),(768,'李杰元',46,1,2,'','2015-09-25 21:39:46','2015-09-25 21:39:46'),(769,'李杰元',46,1,6,'','2015-09-25 21:39:54','2015-09-25 21:39:54'),(770,'张子睿',46,1,2,'','2015-09-25 21:40:12','2015-09-25 21:40:12'),(771,'张子睿',46,1,6,'','2015-09-25 21:40:20','2015-09-25 21:40:20'),(772,'刘笑宇',46,1,2,'','2015-09-25 21:40:36','2015-09-25 21:40:36'),(773,'刘笑宇',46,1,6,'','2015-09-25 21:40:44','2015-09-25 21:40:44'),(774,'高翔',46,1,2,'','2015-09-25 21:40:57','2015-09-25 21:40:57'),(775,'高翔',46,1,6,'','2015-09-25 21:41:05','2015-09-25 21:41:05'),(776,'楼旻',46,1,2,'','2015-09-25 21:41:20','2015-09-25 21:41:20'),(777,'楼旻',46,1,6,'','2015-09-25 21:41:28','2015-09-25 21:41:28'),(778,'沈正浩',46,1,2,'','2015-09-25 21:41:42','2015-09-25 21:41:42'),(779,'沈正浩',46,1,6,'','2015-09-25 21:41:49','2015-09-25 21:41:49'),(780,'邓羽铭',46,1,2,'','2015-09-25 21:42:04','2015-09-25 21:42:04'),(781,'邓羽铭',46,1,6,'','2015-09-25 21:42:11','2015-09-25 21:42:11'),(782,'周泽桦',46,1,2,'','2015-09-25 21:42:22','2015-09-25 21:42:22'),(783,'周泽桦',46,1,6,'','2015-09-25 21:42:30','2015-09-25 21:42:30'),(784,'陆宇成',46,1,2,'','2015-09-25 21:42:45','2015-09-25 21:43:59'),(785,'陆宇成',46,1,6,'','2015-09-25 21:42:55','2015-09-25 21:42:55'),(786,'陈廷恺',46,1,2,'','2015-09-25 21:43:14','2015-09-25 21:43:14'),(787,'陈廷恺',46,1,6,'','2015-09-25 21:43:22','2015-09-25 21:43:22'),(788,'卢雷蒙',46,1,2,'','2015-09-25 21:43:34','2015-09-25 21:43:34'),(789,'卢雷蒙',46,1,6,'','2015-09-25 21:43:41','2015-09-25 21:43:41'),(790,'郦涵',46,2,2,'','2015-09-25 21:48:06','2015-09-25 21:48:06'),(791,'郦涵',46,2,6,'','2015-09-25 21:48:13','2015-09-25 21:48:13'),(792,'王翊涵',46,2,2,'','2015-09-25 21:48:29','2015-09-25 21:48:29'),(793,'王翊涵',46,2,6,'','2015-09-25 21:48:36','2015-09-25 21:48:36'),(794,'赵奕萱',46,2,2,'','2015-09-25 21:48:51','2015-09-25 21:48:51'),(1049,'冉耕涛',2,1,3,'','2015-10-08 08:57:51','2015-10-08 08:57:51'),(796,'万人杰',47,1,2,'','2015-09-25 21:53:11','2015-09-25 21:53:11'),(797,'万人杰',47,1,6,'','2015-09-25 21:53:24','2015-09-25 21:53:24'),(798,'陈昊宇',32,3,2,'','2015-09-25 22:30:21','2015-09-25 22:30:21'),(799,'陈昊宇',32,3,3,'','2015-09-25 22:30:31','2015-09-25 22:30:31'),(800,'倪裳',32,4,2,'','2015-09-25 23:59:36','2015-09-25 23:59:36'),(801,'倪裳',32,4,3,'','2015-09-26 00:00:15','2015-09-26 00:00:15'),(802,'倪临萧',30,1,4,'','2015-09-26 08:21:18','2015-09-26 08:21:18'),(803,'倪临萧',30,1,3,'','2015-09-26 08:21:29','2015-09-26 08:21:29'),(804,'倪临萧',30,1,2,'','2015-09-26 08:21:39','2015-09-26 08:21:39'),(805,'郑乐森',30,1,2,'','2015-09-26 08:22:05','2015-09-26 08:22:05'),(806,'郑乐森',30,1,4,'','2015-09-26 08:22:18','2015-09-26 08:22:18'),(807,'郑乐森',30,1,3,'','2015-09-26 08:22:35','2015-09-26 08:22:35'),(808,'王宇轩',30,1,2,'','2015-09-26 08:22:55','2015-09-26 08:22:55'),(809,'王宇轩',30,1,3,'','2015-09-26 08:23:11','2015-09-26 08:23:11'),(810,'王宇轩',30,1,4,'','2015-09-26 08:23:22','2015-09-26 08:23:22'),(811,'李忆杭',30,1,2,'','2015-09-26 08:23:41','2015-09-26 08:23:41'),(812,'李忆杭',30,1,3,'','2015-09-26 08:23:54','2015-09-26 08:23:54'),(813,'李忆杭',30,1,4,'','2015-09-26 08:24:04','2015-09-26 08:24:04'),(814,'高欣逸',30,2,2,'','2015-09-26 08:24:25','2015-09-26 08:24:25'),(815,'高欣逸',30,2,3,'','2015-09-26 08:24:36','2015-09-26 08:24:36'),(816,'高欣逸',30,2,4,'','2015-09-26 08:24:45','2015-09-26 08:24:45'),(817,'王佳悦',30,2,2,'','2015-09-26 08:25:22','2015-09-26 08:25:22'),(818,'王佳悦',30,2,3,'','2015-09-26 08:25:31','2015-09-26 08:25:31'),(819,'王佳悦',30,2,4,'','2015-09-26 08:25:40','2015-09-26 08:25:40'),(820,'盛楚函',50,1,2,'','2015-09-26 09:59:51','2015-09-26 09:59:51'),(821,'盛楚函',50,1,3,'','2015-09-26 10:00:04','2015-09-26 10:00:04'),(822,'沈雨桐',51,1,2,'','2015-09-26 10:12:05','2015-09-26 10:12:05'),(823,'沈雨桐',51,1,3,'','2015-09-26 10:12:31','2015-09-26 10:12:31'),(924,'杨通达',59,3,2,'','2015-10-06 21:42:20','2015-10-08 10:45:55'),(824,'陈佳音',32,4,2,'','2015-09-26 19:23:27','2015-09-26 19:23:27'),(825,'陈佳音',32,4,3,'','2015-09-26 19:23:51','2015-09-26 19:23:51'),(1170,'林博祺',59,3,3,'','2015-10-08 10:46:42','2015-10-08 10:46:42'),(925,'岳恒志',59,3,5,'','2015-10-06 21:42:53','2015-10-08 10:45:59'),(1174,'赵浡宇',60,1,4,'','2015-10-08 10:48:21','2015-10-08 10:48:21'),(829,'葛铠诚',51,1,2,'','2015-09-26 23:30:59','2015-09-26 23:30:59'),(830,'葛铠诚',51,1,3,'','2015-09-26 23:31:48','2015-09-26 23:31:48'),(831,'李瑞',28,1,2,'','2015-09-28 13:25:26','2015-09-28 13:25:26'),(834,'王钟浩',9,1,2,'','2015-09-28 13:52:12','2015-09-28 13:52:12'),(835,'王钟浩',9,1,3,'','2015-09-28 13:52:25','2015-09-28 13:52:25'),(836,'王子涵',9,2,2,'','2015-09-28 13:53:23','2015-09-28 13:53:23'),(837,'王子涵',9,2,3,'','2015-09-28 13:53:35','2015-09-28 13:53:35'),(838,'王雅文',9,2,2,'','2015-09-28 13:53:55','2015-09-28 13:53:55'),(839,'王雅文',9,2,3,'','2015-09-28 13:54:07','2015-09-28 13:54:07'),(877,'胡学成',9,1,2,'','2015-09-30 08:39:05','2015-09-30 08:39:05'),(1076,'詹丽珊',61,4,3,'兼项','2015-10-08 09:07:16','2015-10-08 09:07:16'),(1073,'李东训',61,1,2,'主项','2015-10-08 09:05:57','2015-10-08 09:05:57'),(1074,'李东训',61,1,6,'兼项','2015-10-08 09:06:25','2015-10-08 09:06:25'),(1075,'詹丽珊',61,4,2,'主项','2015-10-08 09:06:56','2015-10-08 09:06:56'),(873,'郭禹昆',9,1,2,'','2015-09-30 08:31:16','2015-09-30 08:31:16'),(872,'宋瑞昕 臧朔 刘帅航',56,1,1,'','2015-09-30 08:28:03','2015-10-02 09:19:53'),(1021,'王林峰',7,1,1,'','2015-10-08 08:26:24','2015-10-08 08:37:36'),(1018,'崔钰扬',7,3,4,'','2015-10-08 08:20:27','2015-10-08 08:20:27'),(1020,'丁志祥',7,1,1,'','2015-10-08 08:26:07','2015-10-08 08:26:07'),(1019,'胡哲豪',7,3,4,'','2015-10-08 08:20:40','2015-10-08 08:20:40'),(851,'蒋昊煜',49,1,2,'','2015-09-29 22:42:51','2015-09-29 22:42:51'),(852,'金煜',49,1,2,'','2015-09-29 22:43:44','2015-09-29 22:43:44'),(853,'石永楷',49,1,2,'','2015-09-29 22:44:32','2015-09-29 22:44:32'),(854,'雷鸣',49,1,2,'','2015-09-29 22:45:18','2015-09-29 22:45:18'),(855,'李敏辉',49,1,2,'','2015-09-29 22:47:06','2015-09-29 22:47:06'),(856,'蒋媚娇',49,2,2,'','2015-09-29 22:47:46','2015-09-29 22:47:46'),(857,'张慧然',49,2,2,'','2015-09-29 22:48:18','2015-09-29 22:48:18'),(858,'蒋昊煜',49,1,3,'','2015-09-29 22:48:58','2015-09-29 22:48:58'),(859,'金煜',49,1,3,'','2015-09-29 22:49:20','2015-09-29 22:49:20'),(860,'石永楷',49,1,3,'','2015-09-29 22:49:43','2015-09-29 22:49:43'),(861,'蒋媚娇',49,2,3,'','2015-09-29 22:50:12','2015-09-29 22:50:12'),(862,'张慧然',49,2,3,'','2015-09-29 22:50:46','2015-09-29 22:50:46'),(863,'雷鸣',49,1,6,'','2015-09-29 22:51:18','2015-09-29 22:51:18'),(864,'李敏辉',49,1,6,'','2015-09-29 22:51:41','2015-09-29 22:51:41'),(865,'雷鸣',49,1,4,'','2015-09-29 22:52:30','2015-09-29 22:52:30'),(866,'李敏辉',49,1,4,'','2015-09-29 22:52:51','2015-09-29 22:52:51'),(867,'蒋昊煜',49,1,4,'','2015-09-29 22:53:31','2015-09-29 22:53:31'),(868,'金煜',49,1,3,'','2015-09-29 22:53:52','2015-09-29 22:53:52'),(869,'石永楷',49,1,4,'','2015-09-29 22:54:21','2015-09-29 22:54:21'),(870,'蒋媚娇',49,2,4,'','2015-09-29 22:54:51','2015-09-29 22:54:51'),(871,'张慧然',49,2,4,'','2015-09-29 22:55:20','2015-09-29 22:55:20'),(874,'郭禹昆',9,1,3,'','2015-09-30 08:31:31','2015-09-30 08:31:31'),(875,'王天鞠',9,1,2,'','2015-09-30 08:31:50','2015-09-30 08:31:50'),(876,'王天鞠',9,1,3,'','2015-09-30 08:32:02','2015-09-30 08:32:02'),(878,'胡学成',9,1,3,'','2015-09-30 08:39:16','2015-09-30 08:39:16'),(887,'施杰曦',9,1,3,'','2015-09-30 10:10:13','2015-09-30 10:10:13'),(886,'施杰曦',9,1,2,'','2015-09-30 10:09:50','2015-09-30 10:09:50'),(882,'严冰凌',9,2,2,'','2015-09-30 10:04:08','2015-09-30 10:04:08'),(883,'严冰凌',9,2,3,'','2015-09-30 10:05:59','2015-09-30 10:05:59'),(884,'蒲小雨',9,1,2,'','2015-09-30 10:06:36','2015-09-30 10:06:36'),(885,'蒲小雨',9,1,3,'','2015-09-30 10:07:10','2015-09-30 10:07:10'),(888,'杨小萌',56,2,1,'','2015-10-01 07:10:51','2015-10-01 07:10:51'),(889,'王琪',56,2,1,'','2015-10-01 07:11:09','2015-10-01 07:11:09'),(890,'宋瑞昕',56,1,2,'','2015-10-01 07:30:22','2015-10-01 07:30:22'),(891,'臧朔',56,1,2,'','2015-10-01 07:30:39','2015-10-02 08:47:10'),(892,'刘帅航',56,1,2,'','2015-10-01 07:30:59','2015-10-01 07:30:59'),(893,'杨小萌',56,2,2,'','2015-10-01 07:31:18','2015-10-01 07:31:18'),(894,'王琪',56,2,2,'','2015-10-01 07:31:34','2015-10-01 07:31:34'),(895,'宋瑞昕',56,1,3,'','2015-10-01 07:32:44','2015-10-01 07:32:44'),(896,'臧朔',56,1,3,'','2015-10-01 07:32:58','2015-10-02 08:47:31'),(897,'刘帅航',56,1,3,'','2015-10-01 07:33:13','2015-10-01 07:33:13'),(898,'杨小萌',56,2,3,'','2015-10-01 07:33:25','2015-10-01 07:33:25'),(899,'王琪',56,2,3,'','2015-10-01 07:33:37','2015-10-01 07:33:37'),(910,'刘帅航',56,1,1,'','2015-10-02 09:22:38','2015-10-02 09:22:38'),(909,'臧朔',56,1,1,'','2015-10-02 09:22:24','2015-10-02 09:22:24'),(908,'宋瑞昕',56,1,1,'','2015-10-02 09:21:54','2015-10-02 09:21:54'),(903,'宋瑞昕',56,1,5,'','2015-10-01 07:36:40','2015-10-01 07:36:40'),(904,'臧朔',56,1,5,'','2015-10-01 07:36:53','2015-10-02 08:48:15'),(905,'刘帅航',56,1,5,'','2015-10-01 07:37:06','2015-10-01 07:37:06'),(906,'杨小萌',56,2,5,'','2015-10-01 07:37:19','2015-10-01 07:37:19'),(907,'王琪',56,2,5,'','2015-10-01 07:37:29','2015-10-01 07:37:29'),(915,'李锦浩',52,3,4,'','2015-10-03 07:58:19','2015-10-07 16:24:41'),(916,'李锦浩',52,3,2,'','2015-10-03 07:58:29','2015-10-03 07:58:29'),(917,'官梦煜',52,3,6,'','2015-10-03 08:02:31','2015-10-03 08:02:31'),(918,'官梦煜',52,3,5,'','2015-10-03 08:02:40','2015-10-06 08:54:22'),(919,'官梦煜',52,3,2,'','2015-10-03 08:02:53','2015-10-03 08:02:53'),(920,'胡泽薏',52,4,2,'','2015-10-03 08:03:24','2015-10-03 08:03:24'),(921,'胡泽薏',52,4,5,'','2015-10-03 08:03:37','2015-10-06 08:56:01'),(922,'胡泽薏',52,4,6,'','2015-10-03 08:04:06','2015-10-03 08:04:32'),(938,'段雨轩',39,3,1,'','2015-10-07 18:16:53','2015-10-07 18:16:53'),(939,'段雨轩',39,3,2,'','2015-10-07 18:17:08','2015-10-07 18:17:08'),(940,'段雨轩',39,3,3,'','2015-10-07 18:17:19','2015-10-07 18:17:19'),(956,'刘飒',60,2,4,'','2015-10-07 19:51:16','2015-10-07 19:52:05'),(957,'赵涵钰',60,1,2,'','2015-10-07 19:52:57','2015-10-07 19:52:57'),(958,'赵涵钰',60,1,6,'','2015-10-07 19:53:04','2015-10-07 19:53:04'),(959,'赵一驰',60,1,2,'','2015-10-07 19:53:28','2015-10-07 19:53:28'),(960,'赵一驰',60,1,3,'','2015-10-07 19:53:36','2015-10-07 19:53:36'),(961,'赵紫钰',60,2,2,'','2015-10-07 19:54:05','2015-10-07 19:54:05'),(962,'赵紫钰',60,2,3,'','2015-10-07 19:54:14','2015-10-07 19:54:14'),(963,'魏佳欣',60,2,2,'','2015-10-07 19:54:33','2015-10-07 19:54:33'),(964,'魏佳欣',60,2,6,'','2015-10-07 19:54:40','2015-10-07 19:54:40'),(965,'焦渝贵',60,1,4,'','2015-10-07 19:55:50','2015-10-07 19:55:50'),(966,'焦渝贵',60,1,2,'','2015-10-07 19:56:06','2015-10-07 19:56:06'),(967,'焦渝贵',60,1,3,'','2015-10-07 19:56:15','2015-10-07 19:56:15'),(968,'谢佳蓉',60,2,4,'','2015-10-07 19:57:00','2015-10-07 19:57:00'),(969,'谢佳蓉',60,2,2,'','2015-10-07 19:57:07','2015-10-07 19:57:07'),(970,'谢佳蓉',60,2,3,'','2015-10-07 19:57:15','2015-10-07 19:57:15'),(971,'安雅楠',60,2,6,'','2015-10-07 19:58:32','2015-10-07 19:58:32'),(972,'安雅楠',60,2,1,'','2015-10-07 19:58:39','2015-10-07 19:58:39'),(973,'赵佳亮',60,1,6,'','2015-10-07 19:59:11','2015-10-07 19:59:11'),(974,'赵佳亮',60,1,1,'','2015-10-07 19:59:18','2015-10-07 19:59:18'),(975,'王晋',60,1,4,'','2015-10-07 20:00:04','2015-10-07 20:00:04'),(976,'王晋',60,1,2,'','2015-10-07 20:00:13','2015-10-07 20:00:13'),(977,'王晋',60,1,3,'','2015-10-07 20:00:22','2015-10-07 20:00:22'),(978,'王佳丰',60,1,1,'','2015-10-07 20:00:47','2015-10-07 20:00:47'),(979,'王佳丰',60,1,2,'','2015-10-07 20:01:00','2015-10-07 20:01:00'),(980,'王佳丰',60,1,3,'','2015-10-07 20:01:07','2015-10-07 20:01:07'),(981,'袁宏伟',52,3,2,'','2015-10-07 21:52:10','2015-10-07 21:52:10'),(982,'袁宏伟',52,3,4,'','2015-10-07 21:52:22','2015-10-07 21:52:22'),(983,'袁宏伟',52,3,6,'','2015-10-07 21:52:28','2015-10-07 21:52:28'),(1009,'郭哲雨',58,1,2,'','2015-10-07 23:24:51','2015-10-07 23:24:51'),(1017,'兰世嘉',58,1,5,'','2015-10-07 23:29:13','2015-10-07 23:29:13'),(1004,'陈籽昂',58,1,3,'','2015-10-07 23:05:16','2015-10-07 23:05:16'),(1005,'陈籽昂',58,1,5,'','2015-10-07 23:05:34','2015-10-07 23:05:34'),(1002,'陈籽昂',58,1,1,'','2015-10-07 23:04:56','2015-10-07 23:04:56'),(1003,'陈籽昂',58,1,2,'','2015-10-07 23:05:06','2015-10-07 23:05:06'),(1010,'郭哲雨',58,1,6,'','2015-10-07 23:25:32','2015-10-07 23:25:32'),(1012,'郭哲雨',58,1,5,'','2015-10-07 23:27:25','2015-10-07 23:27:25'),(1015,'兰世嘉',58,1,2,'','2015-10-07 23:27:58','2015-10-07 23:27:58'),(1016,'兰世嘉',58,1,6,'','2015-10-07 23:28:09','2015-10-07 23:28:09'),(1022,'金宇扬',7,1,1,'','2015-10-08 08:26:34','2015-10-08 08:26:34'),(1023,'李子康',7,1,1,'','2015-10-08 08:26:44','2015-10-08 08:26:44'),(1024,'夏颜梦',7,2,1,'','2015-10-08 08:26:55','2015-10-08 08:26:55'),(1025,'黄雅洁',7,2,1,'','2015-10-08 08:27:05','2015-10-08 08:27:05'),(1026,'刘汐玥',7,2,1,'','2015-10-08 08:27:13','2015-10-08 08:27:13'),(1027,'王研',7,2,1,'','2015-10-08 08:27:24','2015-10-08 08:27:24'),(1028,'张梓杰',7,1,2,'','2015-10-08 08:30:12','2015-10-08 08:30:12'),(1029,'张梓杰',7,1,3,'','2015-10-08 08:30:25','2015-10-08 08:30:25'),(1030,'朱奕帆',7,1,2,'','2015-10-08 08:30:36','2015-10-08 08:30:36'),(1031,'朱奕帆',7,1,3,'','2015-10-08 08:30:43','2015-10-08 08:30:43'),(1033,'丁志祥',7,1,2,'','2015-10-08 08:50:47','2015-10-08 08:50:47'),(1034,'丁志祥',7,1,3,'','2015-10-08 08:50:57','2015-10-08 08:50:57'),(1035,'王林峰',7,1,2,'','2015-10-08 08:51:04','2015-10-08 08:51:04'),(1036,'王林峰',7,1,3,'','2015-10-08 08:51:10','2015-10-08 08:51:10'),(1037,'金宇扬',7,1,2,'','2015-10-08 08:51:20','2015-10-08 08:51:20'),(1038,'金宇扬',7,1,3,'','2015-10-08 08:51:25','2015-10-08 08:51:25'),(1039,'李子康',7,1,2,'','2015-10-08 08:51:32','2015-10-08 08:51:32'),(1040,'李子康',7,1,3,'','2015-10-08 08:51:36','2015-10-08 08:51:36'),(1041,'夏颜梦',7,2,2,'','2015-10-08 08:51:45','2015-10-08 08:51:45'),(1042,'夏颜梦',7,2,3,'','2015-10-08 08:51:49','2015-10-08 08:51:49'),(1043,'黄雅洁',7,2,2,'','2015-10-08 08:51:55','2015-10-08 08:51:55'),(1044,'黄雅洁',7,2,3,'','2015-10-08 08:51:59','2015-10-08 08:51:59'),(1045,'刘汐玥',7,2,2,'','2015-10-08 08:52:13','2015-10-08 08:52:13'),(1046,'刘汐玥',7,2,3,'','2015-10-08 08:52:18','2015-10-08 08:52:18'),(1047,'王研',7,2,2,'','2015-10-08 08:52:23','2015-10-08 08:52:23'),(1048,'王研',7,2,3,'','2015-10-08 08:52:29','2015-10-08 08:52:29'),(1050,'余闻的',2,1,3,'','2015-10-08 08:58:18','2015-10-08 08:58:18'),(1051,'周锦华',2,1,3,'','2015-10-08 08:59:20','2015-10-08 08:59:20'),(1052,'蒋欣燃',2,2,3,'','2015-10-08 08:59:41','2015-10-08 08:59:41'),(1053,'杨柠菱',2,2,3,'','2015-10-08 09:00:02','2015-10-08 09:00:02'),(1070,'周玥',7,2,2,'','2015-10-08 09:02:43','2015-10-08 09:03:28'),(1055,'杨柠菱',2,2,4,'','2015-10-08 09:00:18','2015-10-08 09:00:18'),(1056,'章威',7,1,2,'','2015-10-08 09:00:35','2015-10-08 09:00:35'),(1057,'蒋欣燃',2,2,4,'','2015-10-08 09:00:36','2015-10-08 09:00:36'),(1058,'章威',7,1,3,'','2015-10-08 09:00:46','2015-10-08 09:00:46'),(1059,'冉耕涛',2,1,4,'','2015-10-08 09:00:55','2015-10-08 09:00:55'),(1060,'章威',7,1,4,'','2015-10-08 09:01:02','2015-10-08 09:01:02'),(1061,'何锦波',7,1,2,'','2015-10-08 09:01:15','2015-10-08 09:01:15'),(1062,'余闻的',2,1,4,'','2015-10-08 09:01:16','2015-10-08 09:01:16'),(1063,'何锦波',7,1,3,'','2015-10-08 09:01:24','2015-10-08 09:01:24'),(1064,'周锦华',2,1,4,'','2015-10-08 09:01:33','2015-10-08 09:01:33'),(1065,'何锦波',7,1,4,'','2015-10-08 09:01:34','2015-10-08 09:01:34'),(1071,'周玥',7,2,3,'','2015-10-08 09:02:57','2015-10-08 09:02:57'),(1067,'赵世宁',7,1,2,'','2015-10-08 09:01:46','2015-10-08 09:01:46'),(1068,'赵世宁',7,1,3,'','2015-10-08 09:01:55','2015-10-08 09:01:55'),(1069,'赵世宁',7,1,4,'','2015-10-08 09:02:08','2015-10-08 09:02:08'),(1072,'周玥',7,2,4,'','2015-10-08 09:03:09','2015-10-08 09:03:09'),(1080,'黄家规',61,1,3,'主项','2015-10-08 09:09:40','2015-10-08 09:09:40'),(1081,'黄家规',61,1,2,'兼项','2015-10-08 09:09:52','2015-10-08 09:09:52'),(1082,'钟秀清',61,2,1,'主项','2015-10-08 09:10:38','2015-10-08 09:10:38'),(1083,'骆羿',24,1,3,'','2015-10-08 09:11:08','2015-10-08 09:54:22'),(1084,'蔡敏轩',61,1,2,'主项','2015-10-08 09:11:15','2015-10-08 09:11:15'),(1085,'蔡敏轩',61,1,3,'兼项','2015-10-08 09:11:27','2015-10-08 09:11:27'),(1086,'蔡敏轩',61,1,4,'兼项','2015-10-08 09:11:42','2015-10-08 09:11:42'),(1087,'李坤霖',61,1,6,'主项','2015-10-08 09:12:24','2015-10-08 09:12:24'),(1088,'李坤霖',61,1,2,'兼项','2015-10-08 09:12:38','2015-10-08 09:12:38'),(1089,'李坤霖',61,1,5,'兼项','2015-10-08 09:12:53','2015-10-08 09:12:53'),(1090,'张文轩',61,3,2,'主项','2015-10-08 09:13:31','2015-10-08 09:13:31'),(1091,'张文轩',61,3,3,'兼项','2015-10-08 09:13:45','2015-10-08 09:13:45'),(1092,'游美瑜',61,4,2,'主项','2015-10-08 09:14:23','2015-10-08 09:14:23'),(1093,'游美瑜',61,4,3,'兼项','2015-10-08 09:14:36','2015-10-08 09:14:36'),(1094,'刘秀冰',61,4,1,'主项','2015-10-08 09:15:19','2015-10-08 09:15:19'),(1095,'刘秀冰',61,4,3,'兼项','2015-10-08 09:15:28','2015-10-08 09:15:28'),(1096,'詹艳梅',61,4,1,'主项','2015-10-08 09:16:09','2015-10-08 09:16:09'),(1097,'詹艳梅',61,4,3,'兼项','2015-10-08 09:16:24','2015-10-08 09:16:24'),(1098,'邬颖儿',61,4,4,'主项','2015-10-08 09:17:02','2015-10-08 09:17:02'),(1099,'邬颖儿',61,4,2,'兼项','2015-10-08 09:17:16','2015-10-08 09:17:16'),(1100,'邬颖儿',61,4,6,'兼项','2015-10-08 09:17:30','2015-10-08 09:17:30'),(1101,'郭梓谦',61,3,2,'主项','2015-10-08 09:17:57','2015-10-08 09:17:57'),(1102,'郭梓谦',61,3,5,'兼项','2015-10-08 09:18:13','2015-10-08 09:18:13'),(1103,'郭梓谦',61,3,6,'兼项','2015-10-08 09:18:26','2015-10-08 09:18:26'),(1104,'邓颖思',61,2,5,'主项','2015-10-08 09:18:55','2015-10-08 09:18:55'),(1105,'邓颖思',61,2,6,'兼项','2015-10-08 09:19:08','2015-10-08 09:19:08'),(1106,'邓颖思',61,2,4,'兼项','2015-10-08 09:19:21','2015-10-08 09:19:21'),(1107,'方继贤',61,2,1,'主项','2015-10-08 09:19:48','2015-10-08 09:19:48'),(1108,'方继贤',61,2,3,'兼项','2015-10-08 09:20:06','2015-10-08 09:20:06'),(1109,'方继贤',61,2,5,'兼项','2015-10-08 09:20:23','2015-10-08 09:20:23'),(1110,'丘玮雯',61,2,3,'主项','2015-10-08 09:20:48','2015-10-08 09:20:48'),(1111,'丘玮雯',61,2,2,'兼项','2015-10-08 09:21:05','2015-10-08 09:21:05'),(1112,'劳永霖',61,2,1,'主项','2015-10-08 09:21:33','2015-10-08 09:21:33'),(1113,'劳永霖',61,2,3,'兼项','2015-10-08 09:21:45','2015-10-08 09:21:45'),(1114,'劳永霖',61,2,2,'兼项','2015-10-08 09:21:56','2015-10-08 09:21:56'),(1115,'黄子睿',61,1,4,'主项','2015-10-08 09:22:33','2015-10-08 09:22:33'),(1116,'黄子睿',61,1,6,'兼项','2015-10-08 09:22:45','2015-10-08 09:22:45'),(1117,'刁奕彬',61,1,4,'主项','2015-10-08 09:23:09','2015-10-08 09:23:09'),(1118,'李心儿',61,1,4,'主项','2015-10-08 09:23:30','2015-10-08 09:23:30'),(1119,'何晓楠',61,1,1,'主项','2015-10-08 09:23:57','2015-10-08 09:23:57'),(1120,'郑俊琪',61,3,6,'主项','2015-10-08 09:24:24','2015-10-08 09:24:24'),(1121,'郑俊琪',61,3,4,'兼项','2015-10-08 09:24:39','2015-10-08 09:24:39'),(1122,'郑俊琪',61,3,2,'兼项','2015-10-08 09:24:52','2015-10-08 09:24:52'),(1123,'古雯雯',61,2,4,'主项','2015-10-08 09:25:13','2015-10-08 09:25:13'),(1124,'古雯雯',61,2,2,'兼项','2015-10-08 09:25:29','2015-10-08 09:25:29'),(1125,'古雯雯',61,2,6,'兼项','2015-10-08 09:25:55','2015-10-08 09:25:55'),(1126,'江嘉桦',61,4,2,'主项','2015-10-08 09:26:14','2015-10-08 09:26:14'),(1127,'江嘉桦',61,4,4,'兼项','2015-10-08 09:26:30','2015-10-08 09:26:30'),(1128,'江嘉桦',61,4,6,'兼项','2015-10-08 09:26:42','2015-10-08 09:26:42'),(1129,'汤婉莹',61,4,2,'主项','2015-10-08 09:27:02','2015-10-08 09:27:02'),(1130,'汤婉莹',61,4,3,'兼项','2015-10-08 09:27:16','2015-10-08 09:27:16'),(1131,'汤婉莹',61,4,4,'兼项','2015-10-08 09:27:30','2015-10-08 09:27:30'),(1132,'刘晓棋',61,4,5,'主项','2015-10-08 09:27:58','2015-10-08 09:27:58'),(1133,'刘晓棋',61,4,1,'兼项','2015-10-08 09:28:08','2015-10-08 09:28:08'),(1134,'刘晓棋',61,4,6,'兼项','2015-10-08 09:28:19','2015-10-08 09:28:19'),(1135,'赵臻蕊',7,2,4,'','2015-10-08 09:28:44','2015-10-08 09:28:44'),(1136,'潘俏如',61,4,3,'主项','2015-10-08 09:28:52','2015-10-08 09:28:52'),(1137,'孙鼎',7,1,4,'','2015-10-08 09:29:00','2015-10-08 09:29:00'),(1138,'潘俏如',61,4,2,'兼项','2015-10-08 09:29:03','2015-10-08 09:29:03'),(1139,'冯孝天',7,1,4,'','2015-10-08 09:29:12','2015-10-08 09:29:12'),(1140,'潘俏如',61,4,4,'兼项','2015-10-08 09:29:16','2015-10-08 09:29:16'),(1141,'黎静',61,4,6,'主项','2015-10-08 09:31:32','2015-10-08 09:31:32'),(1142,'黎静',61,4,5,'兼项','2015-10-08 09:31:49','2015-10-08 09:31:49'),(1143,'黎静',61,4,1,'兼项','2015-10-08 09:32:03','2015-10-08 09:32:03'),(1144,'何宇静',61,4,2,'主项','2015-10-08 09:32:30','2015-10-08 09:32:30'),(1145,'何宇静',61,4,4,'兼项','2015-10-08 09:32:45','2015-10-08 09:32:45'),(1146,'何宇静',61,4,6,'兼项','2015-10-08 09:32:59','2015-10-08 09:32:59'),(1147,'李霖东',61,3,5,'主项','2015-10-08 09:33:18','2015-10-08 09:33:18'),(1148,'李霖东',61,3,4,'兼项','2015-10-08 09:33:32','2015-10-08 09:33:32'),(1149,'李霖东',61,3,2,'兼项','2015-10-08 09:33:44','2015-10-08 09:33:44'),(1150,'毛译晖',61,3,3,'主项','2015-10-08 09:34:21','2015-10-08 09:34:21'),(1151,'毛译晖',61,3,2,'兼项','2015-10-08 09:34:50','2015-10-08 09:34:50'),(1152,'毛译晖',61,3,5,'兼项','2015-10-08 09:35:00','2015-10-08 09:35:00'),(1153,'赖小荷',61,4,3,'主项','2015-10-08 09:35:25','2015-10-08 09:35:25'),(1154,'赖小荷',61,4,1,'兼项','2015-10-08 09:35:44','2015-10-08 09:35:44'),(1155,'赖小荷',61,4,5,'兼项','2015-10-08 09:35:56','2015-10-08 09:35:56'),(1156,'何美齐',61,4,2,'主项','2015-10-08 09:36:31','2015-10-08 09:36:31'),(1157,'何美齐',61,4,3,'兼项','2015-10-08 09:37:02','2015-10-08 09:37:02'),(1158,'何美齐',61,4,5,'兼项','2015-10-08 09:37:14','2015-10-08 09:37:14'),(1159,'冯晓华',61,4,3,'主项','2015-10-08 09:37:36','2015-10-08 09:37:36'),(1160,'赵臻蕊',7,2,3,'','2015-10-08 09:45:08','2015-10-08 09:45:08'),(1161,'赵臻蕊',7,2,2,'','2015-10-08 09:45:17','2015-10-08 09:45:17'),(1162,'孙鼎',7,1,3,'','2015-10-08 09:45:28','2015-10-08 09:45:28'),(1163,'孙鼎',7,1,2,'','2015-10-08 09:45:36','2015-10-08 09:45:36'),(1164,'冯孝天',7,1,2,'','2015-10-08 09:45:46','2015-10-08 09:45:46'),(1165,'冯孝天',7,1,3,'','2015-10-08 09:45:53','2015-10-08 09:45:53'),(1186,'屈宇帆',40,2,4,'','2015-10-08 11:30:39','2015-10-08 11:30:39'),(1187,'屈宇帆',40,2,2,'','2015-10-08 11:30:45','2015-10-08 11:30:45'),(1188,'黄佳麒',7,1,4,'','2015-10-08 11:30:54','2015-10-08 11:30:54'),(1189,'黄佳麒',7,1,2,'','2015-10-08 11:31:39','2015-10-08 11:31:39'),(1190,'黄佳麒',7,1,3,'','2015-10-08 11:32:48','2015-10-08 11:32:48'),(1191,'戴星泽',7,1,4,'','2015-10-08 11:33:25','2015-10-08 11:33:25'),(1192,'戴星泽',7,1,2,'','2015-10-08 11:33:42','2015-10-08 11:33:42'),(1193,'戴星泽',7,1,3,'','2015-10-08 11:33:57','2015-10-08 11:33:57'),(1194,'杨子昆',7,1,4,'','2015-10-08 11:34:34','2015-10-08 11:34:34'),(1195,'杨子昆',7,1,2,'','2015-10-08 11:34:55','2015-10-08 11:34:55'),(1196,'杨子昆',7,1,3,'','2015-10-08 11:35:11','2015-10-08 11:35:11'),(1197,'张昆',7,1,4,'','2015-10-08 11:36:22','2015-10-08 11:36:22'),(1198,'张昆',7,1,2,'','2015-10-08 11:36:42','2015-10-08 11:36:42'),(1199,'张昆',7,1,3,'','2015-10-08 11:37:04','2015-10-08 11:37:04'),(1200,'刘创',7,1,4,'','2015-10-08 11:37:41','2015-10-08 11:37:41'),(1201,'刘创',7,1,2,'','2015-10-08 11:37:54','2015-10-08 11:37:54'),(1202,'刘创',7,1,3,'','2015-10-08 11:38:08','2015-10-08 11:38:08'),(1203,'王屹杨',7,1,4,'','2015-10-08 11:38:34','2015-10-08 11:38:34'),(1204,'王屹杨',7,1,2,'','2015-10-08 11:38:41','2015-10-08 11:38:41'),(1205,'王屹杨',7,1,3,'','2015-10-08 11:38:47','2015-10-08 11:38:47'),(1206,'侯俊楠',7,1,4,'','2015-10-08 11:38:51','2015-10-08 11:38:51'),(1207,'庞峻中',7,1,2,'','2015-10-08 11:38:59','2015-10-08 11:38:59'),(1208,'庞峻中',7,1,3,'','2015-10-08 11:39:06','2015-10-08 11:39:06'),(1209,'侯俊楠',7,1,2,'','2015-10-08 11:39:07','2015-10-08 11:39:07'),(1210,'庞峻中',7,1,4,'','2015-10-08 11:39:11','2015-10-08 11:39:11'),(1211,'侯俊楠',7,1,3,'','2015-10-08 11:39:22','2015-10-08 11:39:22'),(1212,'黄靖雯',19,2,1,'','2015-10-08 17:57:05','2015-10-08 17:57:05'),(1213,'单中豪',62,1,2,'','2015-10-08 18:03:00','2015-10-08 18:03:00'),(1214,'陈彦宏',62,1,2,'','2015-10-08 18:03:38','2015-10-08 18:03:38'),(1215,'陈柏睿',62,1,2,'','2015-10-08 18:04:09','2015-10-08 18:04:09'),(1216,'屈佳宝',62,1,2,'','2015-10-08 18:04:43','2015-10-08 18:04:43'),(1217,'王雪涵',62,2,2,'','2015-10-08 18:05:07','2015-10-08 18:05:07'),(1218,'高新宇',62,3,2,'','2015-10-08 18:05:29','2015-10-08 18:05:29'),(1219,'孙浩然',62,3,2,'','2015-10-08 18:05:46','2015-10-08 18:05:46'),(1220,'李嘉奇',62,4,2,'','2015-10-08 18:06:13','2015-10-08 18:06:13'),(1221,'戴润佳',62,4,2,'','2015-10-08 18:06:49','2015-10-08 18:06:49'),(1222,'单中豪',62,1,3,'','2015-10-08 18:07:35','2015-10-08 18:07:35'),(1223,'陈彦宏',62,1,3,'','2015-10-08 18:07:52','2015-10-08 18:07:52'),(1224,'陈柏睿',62,1,3,'','2015-10-08 18:08:09','2015-10-08 18:08:09'),(1225,'屈佳宝',62,1,3,'','2015-10-08 18:08:29','2015-10-08 18:08:29'),(1226,'王雪涵',62,2,3,'','2015-10-08 18:08:46','2015-10-08 18:08:46'),(1227,'高新宇',62,3,3,'','2015-10-08 18:09:13','2015-10-08 18:09:13'),(1228,'孙浩然',62,3,3,'','2015-10-08 18:09:26','2015-10-08 18:09:26'),(1229,'李嘉奇',62,4,3,'','2015-10-08 18:09:46','2015-10-08 18:09:46'),(1230,'戴润佳',62,4,3,'','2015-10-08 18:10:02','2015-10-08 18:10:02');

/*Table structure for table `sysconfigs` */

DROP TABLE IF EXISTS `sysconfigs`;

CREATE TABLE `sysconfigs` (
  `id` varchar(50) NOT NULL,
  `value` text NOT NULL,
  PRIMARY KEY (`id`)
) ENGINE=MyISAM DEFAULT CHARSET=utf8;

/*Data for the table `sysconfigs` */

insert  into `sysconfigs`(`id`,`value`) values ('info_picture','http://'),('siteClosed','0'),('info','<center>\r\n<a style=\"FONT-size:24px\">2015年“放飞梦想”全国青少年纸飞机通讯赛<br>网上报名系统\r\n</A>\r\n</center>\r\n\r\n<div style=\"color:red\">\r\n服务器供电不稳，报名转移至<a href=\"http://218.4.55.188:8084/\">http://218.4.55.188:8084/</a>\r\n</div>\r\n\r\n注意：请先注册一个新帐号，注册好后登陆，<span style=\"color:red\">在左面菜单中，按从上往下顺序逐个点击</span>，按页面提示录入信息！<!--有问题请联系 顾杰 电话 15506250512 QQ 37893522-->'),('siteCloseTime','2015-03-22 17:00:00');

/*Table structure for table `teachers` */

DROP TABLE IF EXISTS `teachers`;

CREATE TABLE `teachers` (
  `id` int(11) NOT NULL AUTO_INCREMENT,
  `name` varchar(50) NOT NULL,
  `tel` varchar(50) NOT NULL,
  `item_id` int(11) NOT NULL,
  `user_id` int(11) NOT NULL,
  PRIMARY KEY (`id`),
  KEY `item_id` (`item_id`),
  KEY `user_id` (`user_id`)
) ENGINE=MyISAM AUTO_INCREMENT=152 DEFAULT CHARSET=utf8;

/*Data for the table `teachers` */

insert  into `teachers`(`id`,`name`,`tel`,`item_id`,`user_id`) values (1,'刘罡   盛昆   王强','13955271525',2,9),(2,'吴圣贤 张帆','13955271525',3,9),(3,'胡冬林','13916465732',5,13),(4,'1','1',1,7),(5,'1','1',2,7),(6,'1','1',3,7),(7,'1','1',4,7),(8,'1','1',5,7),(9,'1','1',6,7),(30,'缪萍萍 金波','13757168802',1,30),(11,'俞国强','18968052501',2,15),(12,'俞国强','18968052501',3,15),(29,'张高洋','13641206905',3,26),(28,'张高洋','13641206905',2,26),(27,'张高洋','13641206905',1,26),(16,'王传俊','13246758056',1,21),(17,'王传俊','13246758056',5,21),(18,'高飞','13757159803',1,19),(19,'高飞','13757159803',2,19),(20,'高飞','13757159803',3,19),(21,'张正雄','13758116766',2,23),(22,'张正雄','13758116766',3,23),(23,'王妙林','13867142186',1,25),(24,'王妙林','13867142186',2,25),(25,'王妙林','13867142186',3,25),(26,'王妙林','13867142186',6,25),(31,'缪萍萍 金波','13757168802',2,30),(32,'缪萍萍 金波','13757168802',3,30),(33,'缪萍萍 金波','13757168802',4,30),(34,'缪萍萍 金波','13757168802',5,30),(35,'缪萍萍 金波','13757168802',6,30),(36,'张丽华','13146236125',1,31),(37,'张丽华','13146236125',2,31),(38,'张丽华','13146236125',3,31),(39,'凌雷明 孙伟军 金力','13732235250  13868146353  13456179491',1,28),(40,'凌雷明 孙伟军  金力','13732235250',2,28),(41,'凌雷明 孙伟军  金力','13732235250',3,28),(42,'凌雷明 孙伟军  金力','13732235250',4,28),(43,'凌雷明 孙伟军  金力','13732235250',6,28),(44,'钱伶坪','18857154095',2,32),(45,'邹小斌','18969120266',3,32),(46,'胡秀云','18925756056',1,14),(47,'胡秀云','18925756056',2,14),(48,'胡秀云','18925756056',3,14),(49,'胡秀云','18925756056',5,14),(141,'黎钊辉','18902208008',4,61),(142,'黎钊辉','18902208008',5,61),(143,'廖小云','13533885646',6,61),(140,'黎钊辉','18902208008',3,61),(139,'何强','13500038254',2,61),(138,'何强','13500038254',1,61),(56,'李亮','13319813993',1,10),(57,'李亮','13319813993',3,10),(58,'李亮','13319813993',2,10),(59,'李亮','13319813993',4,10),(60,'刘更生','13007912863',1,22),(61,'高鹏飞','18909520770',2,22),(62,'杨忠奇','18095223465',4,22),(63,'李滋','13995221863',5,22),(64,'杨忠奇','18095223465',3,22),(150,'崔跃进 陈云萍','13668876001',2,62),(65,'徐叶青','15605710329',2,36),(66,'徐叶青','15605710329',3,36),(67,'郑超','18758580739',2,24),(68,'郑超','18758580739',3,24),(69,'王芳芳','13867163834',3,37),(70,'王芳芳','13867163834',2,37),(71,'无','无',1,38),(72,'无','无',2,38),(73,'无','无',3,38),(74,'无','无',4,38),(75,'无','无',5,38),(76,'无','无',6,38),(77,'邓晓光','13811264193',1,18),(78,'陈友钢','13651164709',2,18),(79,'无','无',1,40),(80,'无','无',2,40),(81,'无','无',3,40),(82,'无','无',4,40),(83,'无','无',5,40),(84,'无','无',6,40),(85,'鲁戈','18201600658',3,18),(86,'章鲁川','18612033651',4,18),(87,'张丽华','13146236125',5,18),(88,'高帅','13520831368',6,18),(89,'金培涛 郭玉蓉','13551156668',2,2),(90,'金培涛 苏祥春','13551156668',3,2),(91,'金培涛  李杨','13551156668',4,2),(92,'裘小青','13968047618',1,41),(93,'徐国飞','13868192525',2,34),(94,'虞东海','18668181558',6,43),(95,'徐国飞','13868192525',1,34),(96,'范晓歌','13603729597',3,39),(97,'范晓歌','13603729597',2,39),(98,'范晓歌','13603729597',1,39),(99,'来立江','13750820738',6,44),(100,'邹卫星','13386517615',6,46),(101,'邹卫星','13386517615',3,46),(102,'邹卫星','13386517615',2,46),(103,'邹卫星','13386517615',2,47),(104,'邹卫星','13386517615',6,47),(105,'俞佳琳','15868102060',2,50),(106,'俞佳琳','15868102060',3,50),(107,'叶晋','13606501939',2,51),(108,'叶晋','13606501939',3,51),(109,'凌雷明 孙伟军 金力','13732235250',5,28),(112,'王建秀 潘翠玲 刘小萍','13993179163',2,49),(113,'王建秀 潘翠玲 刘小萍','13993179163',3,49),(114,'王建秀 潘翠玲 刘小萍','13993179163',4,49),(115,'王建秀 潘翠玲 刘小萍','13993179163',6,49),(116,'封长顺 王桂玉','13361282817 13954284110',1,56),(117,'王桂玉 封长顺','13954284110 13361282817',2,56),(118,'王桂玉 封长顺','13954284110 13361282817',3,56),(119,'封长顺 王桂玉','13361282817  13954284110',5,56),(122,'曾黎明 许初生','13970185070 13870048472',2,52),(121,'王桂玉 封长顺','13954284110  13361282817',4,56),(123,'曾黎明 许初生','13970185070 13870048472',6,52),(124,'曾黎明 许初生','13970185070 13870048472',4,52),(125,'曾黎明 许初生','13970185070 13870048472',5,52),(126,'徐宁','13907010280',3,52),(127,'林庆峰','13860160956',6,59),(128,'林庆峰','13860160956',5,59),(129,'林庆峰','13860160956',4,59),(130,'林庆峰','13860160956',3,59),(131,'林庆峰','13860160956',2,59),(132,'林庆峰','13860160956',1,59),(133,'刘俐伶 陶瑛 李振虎 冯帅 刘玉 王丽曼','18632977977',4,60),(134,'殷素敏 牛素花 李振虎','13102837697',1,60),(135,'刘俐伶 李红岩 陶瑛 乔雪蕊 李彦波 冯帅 刘玉 李振虎 王丽曼','18632977977',2,60),(136,'李红岩 刘俐伶 陶瑛 冯帅 刘玉 李振虎 王丽曼','18632977977',3,60),(137,'乔雪蕊 李彦波 殷素敏 牛素花','13102837697',6,60),(144,'金鑫','18399769003',1,58),(145,'丁丽亚','18935900397',2,58),(146,'孔晨','18195911800',3,58),(147,'金鑫 丁丽亚','18399769003',4,58),(148,'丁丽亚 孔晨','18195911800',5,58),(149,'孔晨 金鑫','18399769003',6,58),(151,'崔跃进 陈云萍','13668876001',3,62);

/*Table structure for table `users` */

DROP TABLE IF EXISTS `users`;

CREATE TABLE `users` (
  `id` int(11) NOT NULL AUTO_INCREMENT,
  `username` varchar(20) NOT NULL,
  `password` varchar(100) NOT NULL,
  `leader` varchar(20) NOT NULL DEFAULT '',
  `address` varchar(200) NOT NULL,
  `tel` varchar(20) NOT NULL,
  `diners` int(11) NOT NULL,
  `type` varchar(20) NOT NULL,
  `isadmin` enum('0','1') NOT NULL,
  `boys` int(11) NOT NULL DEFAULT '0',
  `girls` int(11) NOT NULL DEFAULT '0',
  `adultmales` int(11) NOT NULL DEFAULT '0',
  `adultfemales` int(11) NOT NULL DEFAULT '0',
  PRIMARY KEY (`id`),
  UNIQUE KEY `username` (`username`),
  KEY `type` (`type`)
) ENGINE=MyISAM AUTO_INCREMENT=63 DEFAULT CHARSET=utf8;

/*Data for the table `users` */

insert  into `users`(`id`,`username`,`password`,`leader`,`address`,`tel`,`diners`,`type`,`isadmin`,`boys`,`girls`,`adultmales`,`adultfemales`) values (1,'系统管理员','$2y$10$EXCv7rLOC3JBsorBYWWdceA80WKFySVlIcpq7F1dw5EB2NEjzeVqK','','','',0,'管理员','1',0,0,0,0),(2,'成都市成飞小学','$2y$10$z.xWR0jhgwenstsXNTkb6.luD9pgrFsJtyiXcMliqUHxa72fcwhbm','郭玉蓉','成都市青羊区成飞小学','13658013767',9,'','0',0,0,0,0),(3,'广州队','$2y$10$./zodniQBotqjcuJLjLvnuZHGpCYv77QLIGcmsrUaTk0arQWX4ax6','','','',0,'','0',0,0,0,0),(4,'北京海淀区青少年活动管理中心','$2y$10$P18s7LHsNEWriVQ84ZmXpuUmQppkCPoN49jwxl.xFuVZIeN2w.tTu','郑予东','北京市海淀区万泉河路83号北京十九中学','13901375295',0,'','0',0,0,0,0),(5,'陕北代表队','$2y$10$cpheJvMWilZZixa/Lh4u0uJ6jChhlxuQPWVtmKFe4z7nGxh4fLEBW','','','',0,'','0',0,0,0,0),(6,'神羿航空飞行俱乐部代表队','$2y$10$wm/FLU6RtClZRidZ8J.Sq.VbL9rvgNQVAD.CELNp/7BTJLrZuxtAG','','','',0,'','0',0,0,0,0),(7,'江苏昆山青科协队','$2y$10$6jPRLnaemiFjqfa9KM4FpuplJSh0kOs9xcDfEGPFfTnU6oP0OLyx2','周雪明','江苏省昆山市黑龙江北路96号','18962695475',0,'','0',0,0,0,0),(8,'安徽省蚌埠市','$2y$10$t.g4gT/lw0X7Ni6U0zerpuePBLhkixD2pByEcVZVRDOTlnRj6C7WS','','','',0,'','0',0,0,0,0),(9,'安徽省蚌埠市高新教育集团第三实验小学代表','$2y$10$xzT4KZE3eH5.kVzf3Q9f/eFmnWWqkqSyyCid/C5R5e6sJ2s/EqMYi','施广胜','安徽省蚌埠高新教育集团第三实验小学','15955258822',27,'','0',0,0,0,0),(10,'乌鲁木齐市第五十八中学代表队','$2y$10$Vk9FIbscCbosBbm9YjS9F.Zuqllg76uo.2jXjo56abP81tZP6K7wa','李亮','乌鲁木齐石化中瑞街550号','13319813993',5,'','0',0,0,0,0),(11,'石家庄市栾城区冶河中心小学','$2y$10$TM3agDvLBG2JeWIbxtT1FukcOsvk1BU.dQiLcPR7bppnwFdWNRUdq','','','',0,'','0',0,0,0,0),(12,'上海队','$2y$10$ABrZ0ZSjXVn6eIO1p6G2KuzGnT1L6SV/rxaMDerqrMVUQFVR/Zfd6','','','',0,'','0',0,0,0,0),(13,'上海1队','$2y$10$wUh7s3VRBhIDKpfYVqvBFuGLtQ1QU1ha9XryrDAjG0o3bEijAEtse','朱辰欢','上海市宝山区同济支路201弄6号','13774388320',0,'','0',0,0,0,0),(14,'东莞队','$2y$10$pA0IHoGsXzbTBi0hRicxpOp6x8r2h8aHJrrGATsCD7LPyShxVCVze','胡秀云','东莞石龙第九小学','18925756056',5,'','0',0,0,0,0),(15,'杭州市余杭区宏畔小学','$2y$10$O16OkawR8t.PCVlITORcLe5d/b.nrkj.M2GP1hoy2scaDi0tMvz66','姚国刚','杭州市余杭区塘栖镇宏畔小学','057186323554',30,'','0',0,0,0,0),(16,'杭州市余杭区塘栖三中','$2y$10$TOkjVvtGeeyITcyKOqZMw.NxMWg6qYIak.5P7c1qtYmySZTHg.Kby','单春红','杭州市余杭区塘栖镇第三中学','18258839890',0,'','0',0,0,0,0),(17,'杭州市余杭区仁和中学','$2y$10$.l6TesZQlHW82glds7v8gOmxKYrvmrK2BbwrWHdvXCbQwte4ujY1W','乐永华','杭州市余杭区仁和中学','18069797887',0,'','0',0,0,0,0),(18,'北京市海淀区青少年活动管理中心','$2y$10$WL7Zqa6GaZoa4PSoD3ZmjepoQ9hyv3sdBO9Im2FlfCvbFxs.KUbi2','韩立新','万柳星标家园甲6','13621325727',28,'','0',0,0,0,0),(19,'杭州濮家小学教育集团','$2y$10$9w.uVvSUUrg5ZIO/mn2YGOjss5HdBkSVNhobTTGpyHMI6u.TafdNK','贺蕾','杭州市江干区濮家井19号濮家小学','13606512910',15,'','0',0,0,0,0),(20,'北京市盲人学校','$2y$10$DyAcsPJVPic3x1JTVf.jluBFNWxBnKHYlMRkN4Gvh6FbjQgm3RmJO','','','',0,'','0',0,0,0,0),(21,'深圳马田小学队','$2y$10$0jpT3Z6LMU74xBveriGVreZR82rmUXmwjpQGYh1B/uM4t32eYg0tK','王传俊','深圳光明新区公明马田小学','13246758056',0,'','0',0,0,0,0),(22,'宁夏石嘴山市星海小学','$2y$10$kL/ECW8HMt4/xUNSN1/6TOUD72vH1TugwwSzKp1QGZjn5Ytz5zLy6','杨少奇','宁夏石嘴山市星海小学','13007912863',9,'','0',0,0,0,0),(23,'杭州长河中学','$2y$10$2UaQdEqb5/WvOyDDnDEO4.J91/R0aI.o0cC3pQ5g5s1mEWBQTGqeq','张正雄','杭州长河中学','13758116766',4,'','0',0,0,0,0),(24,'杭州市钱塘外语学校小学部','$2y$10$suSxoEQa0fN.6Ymjlo4Srey.PxxTfpKGVNUsu2/YqmhKLMN9durU2','郑超','杭州市西湖区文二路281号','18758580739',0,'','0',0,0,0,0),(25,'杭州市萧山区虎山路初中','$2y$10$4aiYpofIRnwgMRNhBOcLle38pisW8hngPOR5r3MOBi6NfxtN9CGiy','王妙林','萧山区虎山路228#','13867142186',12,'','0',0,0,0,0),(26,'中国科学院附属实验学校','$2y$10$2qnHO65pFwzfAzYmhCAbqObboqjSVn876yINERZJBsswBaLDgoG4C','张高洋','北京市朝阳区华严北里68号','13641206905',7,'','0',0,0,0,0),(27,'福州市青少年航空科技教育基地','$2y$10$sPgHUCwsMOIg5Z1dHCIcUuOx1ECsnFo2CtwJuUwR0PlsQZFfGfp0y','叶晓宇','福建省福州市五一中路233号五一公馆海博少儿教育广场三楼','18059766990',0,'','0',0,0,0,0),(28,'杭州市富阳区常安镇中心小学','$2y$10$p3vo.bG2cU8L7vmyYy1xPuxpT.CcSzcPtPmM10f7f1aDYz0.c7yZS','李增荣','富阳区常安镇大田','13968151296',0,'','0',0,0,0,0),(29,'余杭区良渚第三小学','$2y$10$nW0pifGzFBmELEtQsZH1IOqPimS.Cukx2tnN3yXRIBxVz7zHc2gtC','','','',0,'','0',0,0,0,0),(30,'杭州市求知小学','$2y$10$MGf7P5FwnxGfy6E3toPKXueK4in.4JiBwjnRUt/O1HZ64dX0hHu.m','凌云','杭州市石桥兴业街新汇路155号（杭州市求知小学求真校区）','17757175265',0,'','0',0,0,0,0),(31,'北京外国语大学附属中学','$2y$10$JwQf4XL2X1gbjRocf.IfVOUbhh3w1iZCD/hL5AOZ3rjnyX04z0FZ2','张丽华','北京市海淀区万寿寺北里14号','13146236125',3,'','0',0,0,0,0),(32,'杭州江南实验学校','$2y$10$MITx/O2X0YT0hJDwZh4U1eO2gjI93v/Yay6S89ZFnUGMvUikVFk2q','邹小斌','杭州滨江区滨和路958号','18969120266',0,'','0',0,0,0,0),(33,'南村镇南村中学','$2y$10$5VvtXvci7wXMo3jwlKA/f.4cIG5gopt3ZXQIp/sFwiwdb0GiKky8C','','','',0,'','0',0,0,0,0),(34,'杭州市余杭区良渚第三小学','$2y$10$ElrZGa7fBEhpc3HrOT8M5OwufZ4tytzRGgDANIzg9V0d1jjT8dXpi','徐国飞','余杭区良渚第三小学','13868192525',0,'','0',0,0,0,0),(35,'江苏省苏州市航协（张家港市第八中学）','$2y$10$Dy.23H3a1MMZ098dYGTcIenaMMq9GIdPPwa7DF5bvctd4Z.85akqO','','','',0,'','0',0,0,0,0),(36,'杭州市采荷一小教育集团','$2y$10$tBXAZXj82.r2m3uEHy9MHe0ZPFynaNYgmF9PPJd0fPOndeqi11NB2','纪玉琼','浙江省杭州市采荷玉荷19幢3单元404室','13575757199',0,'','0',0,0,0,0),(37,'杭州市余杭区黄湖镇中心小学','$2y$10$Zvwm/1YxOrsOvXCBbIdlou8HJ3e4/jE1iB3BXDr8d1VE0kyASnlXW','马杰','黄湖镇中心小学','13616529906',12,'','0',0,0,0,0),(38,'上海一队','$2y$10$R2QJoMQRKvI0feb710F9EumVSdF08eMTKJO3zz8K11XGMNTqzLbwm','胡冬林','上海市宝山区同济支路201弄6号','13916465732',0,'','0',0,0,0,0),(39,'河南安阳八中队','$2y$10$Cfy9eRAwvcEixJWfLVuvU./rq7R/bJ9BMW.1zkQDFTmN9yJ6vKz5O','范晓歌','河南省安阳市朝霞路11号安阳市第八中学','13603729597',0,'','0',0,0,0,0),(40,'上海二队','$2y$10$KBA.IR1k123xiYJKMsrjg.W/UPson0fZanUtk1BWz5ObdduWLB.Fi','朱辰欢','上海市宝山区同济支路201弄6号','13774388320',0,'','0',0,0,0,0),(41,'杭州长江实验小学','$2y$10$LPwxwzgAqPCIHeva.cx8X.0tqbMoJeJ5ueZMjtH3fjc3xNc9B7f7e','裘小青','杭州市下城区秋水弄26号','13968047618',0,'','0',0,0,0,0),(42,'杭州市长河小学','$2y$10$/uH6gqIkZ1a6CCpg8l2dk.11BpZnl2UpAV7jqQlGhOt0FU5PrFJUm','','','',0,'','0',0,0,0,0),(43,'杭州市彩虹城小学','$2y$10$zb65IKVVHaEXKXBbIHVNo.syHk1YtiqmPn0bhaqJDq0Knb/vsho0.','张锡忠','杭州市彩虹城小学','18668181558',6,'','0',0,0,0,0),(44,'杭州市长河小学白马湖校区','$2y$10$18h/pxvDe5HAY1Yurom9c.vvforvhePkgYVOsLCLBs.Usf05dv9rK','华丽','杭州市长河小学白马湖校区','13750820738',6,'','0',0,0,0,0),(45,'杭州建兰中学','$2y$10$7bibKbmJ3p7lvjBR5Mm9Iuk2LD3NjjOrb8DP.peHAAJRl78UQpTiG','丁春钧','杭州上城区抚宁巷58号','13588408843',20,'','0',0,0,0,0),(46,'杭州市长寿桥小学','$2y$10$EfJCUNYUV.dUGoST9.cvduvGh71SjMvwkS9MjGDfZIssMcO2NiccS','邹卫星','杭州市下城区余官巷3号','13386517615',0,'','0',0,0,0,0),(47,'杭州市观成中学','$2y$10$8r7m7Pmg5BLpVRGhVlvr4ONI6AmbasF5d.A3Ou4V9vcVk5/huJV4a','邹卫星','杭州市余官巷3号','13386517615',0,'','0',0,0,0,0),(48,'蓝天翱翔','$2y$10$ro8FJrOBm3Eg8vAtz.7t2efaa9s3j2npa8g7t4PIL0L2OU0AOS/OK','','','',0,'','0',0,0,0,0),(49,'兰州市青少年科技体育工作者协会','$2y$10$EjpMPu/qDZcjoR8dm3F0w.KcKVTvrTvnkaSxQQ5hbCwVUZbfsOCay','杨世磐','兰州市武都路388号兰州市少年宫','13609360395',11,'','0',0,0,0,0),(50,'浙江大学附属小学','$2y$10$/dCvSla4ZveKmOKf1pdbJ.3EMXiYHfXQM6UqdItuqApiWSE/BKhxe','俞佳琳','杭州市上城区复兴北苑2幢1单元504室','15868102060',0,'','0',0,0,0,0),(51,'杭州市胜利小学','$2y$10$rinRYS2fEr6UTGvQsDPtLOrnJmKPp5.cO5cPeCsOdrdIF/poGtlji','叶晋','浙江省杭州市上城区富春江路199号','13606501939',0,'','0',0,0,0,0),(52,'江西队','$2y$10$hl.NytYGJaWb3/PsFuzTnulj7aPkSbDcPaEy72ktw19.asjxmuN8u','曾黎明','江西省贵溪市第二中学','13970185070',8,'','0',0,0,0,0),(53,'余杭区瓶窑镇北湖中心小学','$2y$10$Ly8kHMpqup7q4XB.U.Mx0eVo4yxP06Z9CRVTHsmlFrJRmeOfZoGzC','','','',0,'','0',0,0,0,0),(54,'杭州市余杭区瓶窑镇北湖中心小学','$2y$10$3.hzJQZwcPQyfyX5N9O75.597xKjR9c2zi3GrPBjor0MgsLfEkryu','郎剑','杭州市余杭区瓶窑镇北湖中心小学','15957168333',12,'','0',0,0,0,0),(55,'浙江省杭州市余杭区崇贤第一小学','$2y$10$Z92i3VYOTJHe2l74w9/KkuF/jFDGfeG78lbXGWkzaBbjImBKEiErO','徐燕春','杭州市余杭区崇贤第一小学','18968070607',12,'','0',0,0,0,0),(56,'青岛市黄岛区育才小学代表队','$2y$10$MXPJVsb8327jaEMWwNpVBe1uDcxS0YLod750M1AdAFSQ3Szx0COKe','王桂玉','山东省青岛市黄岛区育才小学','0532-88187335',7,'','0',0,0,0,0),(57,'余杭区瓶窑镇长命中心小学','$2y$10$mAwmAQFmSfaYGsvbam4OuePlg80YuFDl9U0zAQFBVXgrV21r5CBTm','','','',0,'','0',0,0,0,0),(58,'乌市八一中学','$2y$10$PxGVjHYs5iO8aol3MHTzZe8Jz8iwRd5admGRItbl7pLFomBUwtVNe','金鑫','新疆省乌市八一中学','18399769003',0,'','0',0,0,0,0),(59,'厦门队','$2y$10$AUP1aluX5zfbCRamQGfWCewFA4zzJHSvrlic9.wChXPLgk15QS0Bi','林庆锋','厦门科技中学','13860160956',4,'','0',0,0,0,0),(60,'河北模型运动协会','$2y$10$L9Uh4ZYJrni1y8xEbybn4e2uKS1PlT.z9qcrUINfQXykSxoGN264q','安洋','石家庄中山东路338号','18631162124',30,'','0',0,0,0,0),(61,'广州科技体育代表队','$2y$10$vsoW1tkyFqbZlUuOXY.tzeXmdYNClciH8Fg3b1MjVpF8hs1hCEXJi','李曦东、彭虹斌','广州市教育局','15899968286',41,'','0',0,0,0,0),(62,'青岛市青少年科技中心','$2y$10$cweleRWm0AoiWTRTYW5y7.fhsRS5HKCqa4VEHNbXvG/A0cCrCfjUW','陈冬','市南区中山路3号五楼','18653211055',12,'','0',0,0,0,0);

/*!40101 SET SQL_MODE=@OLD_SQL_MODE */;
/*!40014 SET FOREIGN_KEY_CHECKS=@OLD_FOREIGN_KEY_CHECKS */;
/*!40014 SET UNIQUE_CHECKS=@OLD_UNIQUE_CHECKS */;
/*!40111 SET SQL_NOTES=@OLD_SQL_NOTES */;
